#,Match_ID,Team,Is_Winner,Duration,Nickname,Hero_Name,K,D,A,Account_ID
1,8767848614,Radiant,No,41 мин,Atzik,Jakiro,1,14,15,44019880
1,8767848614,Radiant,No,41 мин,Жора Пасатижи,Beastmaster,13,6,11,132943958
1,8767848614,Radiant,No,41 мин,teo,Phantom Assassin,10,11,8,110621494
1,8767848614,Radiant,No,41 мин,Sphinx,Tiny,5,7,16,199157120
1,8767848614,Radiant,No,41 мин,StrongLeg,Clinkz,5,11,10,34226035
1,8767848614,Dire,Yes,41 мин,Сквозной,Omniknight,17,2,15,431403751
1,8767848614,Dire,Yes,41 мин,inst: parvizname,Monkey King,6,8,15,115702863
1,8767848614,Dire,Yes,41 мин,Argos,Bristleback,10,8,27,103024977
1,8767848614,Dire,Yes,41 мин,Булка с маком,Witch Doctor,8,8,19,48804856
1,8767848614,Dire,Yes,41 мин,Хоссср,Grimstroke,8,8,23,35394283
2,8767773235,Radiant,No,62 мин,Sphinx,Void Spirit,5,15,25,199157120
2,8767773235,Radiant,No,62 мин,Жора Пасатижи,Slardar,13,9,25,132943958
2,8767773235,Radiant,No,62 мин,teo,Weaver,28,9,19,110621494
2,8767773235,Radiant,No,62 мин,Atzik,Hoodwink,9,15,41,44019880
2,8767773235,Radiant,No,62 мин,StrongLeg,Skywrath Mage,16,6,29,34226035
2,8767773235,Dire,Yes,62 мин,Хоссср,Techies,10,16,24,35394283
2,8767773235,Dire,Yes,62 мин,Булка с маком,Jakiro,5,20,17,48804856
2,8767773235,Dire,Yes,62 мин,Сквозной,Medusa,16,6,11,431403751
2,8767773235,Dire,Yes,62 мин,inst: parvizname,Broodmother,9,15,23,115702863
2,8767773235,Dire,Yes,62 мин,Argos,Phoenix,14,15,34,103024977
3,8767711935,Radiant,Yes,39 мин,Хоссср,Mirana,5,10,28,35394283
3,8767711935,Radiant,Yes,39 мин,Сквозной,Anti-Mage,11,4,14,431403751
3,8767711935,Radiant,Yes,39 мин,ormotsadze95,Crystal Maiden,0,9,17,1869670988
3,8767711935,Radiant,Yes,39 мин,Argos,Beastmaster,18,8,16,103024977
3,8767711935,Radiant,Yes,39 мин,inst: parvizname,Invoker,20,5,20,115702863
3,8767711935,Dire,No,39 мин,Жора Пасатижи,Ursa,7,10,13,132943958
3,8767711935,Dire,No,39 мин,Sphinx,Disruptor,1,13,21,199157120
3,8767711935,Dire,No,39 мин,teo,Storm Spirit,15,5,10,110621494
3,8767711935,Dire,No,39 мин,Atzik,Snapfire,6,17,8,44019880
3,8767711935,Dire,No,39 мин,StrongLeg,Spectre,7,10,18,34226035
4,8767657984,Radiant,No,30 мин,Хоссср,Tiny,2,8,7,35394283
4,8767657984,Radiant,No,30 мин,Argos,Beastmaster,5,9,5,103024977
4,8767657984,Radiant,No,30 мин,Сквозной,Nature's Prophet,5,6,3,431403751
4,8767657984,Radiant,No,30 мин,ormotsadze95,Crystal Maiden,0,9,2,1869670988
4,8767657984,Radiant,No,30 мин,inst: parvizname,Arc Warden,4,6,4,115702863
4,8767657984,Dire,Yes,30 мин,Atzik,Jakiro,0,6,17,44019880
4,8767657984,Dire,Yes,30 мин,StrongLeg,Leshrac,10,2,12,34226035
4,8767657984,Dire,Yes,30 мин,Жора Пасатижи,Alchemist,5,2,27,132943958
4,8767657984,Dire,Yes,30 мин,teo,Juggernaut,16,3,6,110621494
4,8767657984,Dire,Yes,30 мин,Sphinx,Gyrocopter,6,3,12,199157120
5,8762287575,Radiant,Yes,42 мин,Булка с маком,Luna,13,14,19,48804856
5,8762287575,Radiant,Yes,42 мин,Argos,Spirit Breaker,6,14,36,103024977
5,8762287575,Radiant,Yes,42 мин,Сквозной,Lina,26,9,16,431403751
5,8762287575,Radiant,Yes,42 мин,Atzik,Keeper of the Light,6,11,30,44019880
5,8762287575,Radiant,Yes,42 мин,Sphinx,Primal Beast,10,7,18,199157120
5,8762287575,Dire,No,42 мин,Жора Пасатижи,Beastmaster,22,10,18,132943958
5,8762287575,Dire,No,42 мин,Y O S E N,Bane,10,5,32,104608913
5,8762287575,Dire,No,42 мин,3 goda na solyah,Arc Warden,6,18,19,1527517657
5,8762287575,Dire,No,42 мин,Хоссср,Techies,5,17,28,35394283
5,8762287575,Dire,No,42 мин,StrongLeg,Marci,12,11,15,34226035
6,8762225933,Radiant,Yes,46 мин,Y O S E N,Shadow Shaman,6,12,23,104608913
6,8762225933,Radiant,Yes,46 мин,Жора Пасатижи,Tidehunter,16,7,23,132943958
6,8762225933,Radiant,Yes,46 мин,Хоссср,Wraith King,12,7,17,35394283
6,8762225933,Radiant,Yes,46 мин,3 goda na solyah,Pangolier,12,12,12,1527517657
6,8762225933,Radiant,Yes,46 мин,StrongLeg,Undying,9,8,23,34226035
6,8762225933,Dire,No,46 мин,Atzik,Keeper of the Light,4,15,23,44019880
6,8762225933,Dire,No,46 мин,Argos,Nyx Assassin,2,12,24,103024977
6,8762225933,Dire,No,46 мин,Сквозной,Juggernaut,7,7,12,431403751
6,8762225933,Dire,No,46 мин,Sphinx,Queen of Pain,18,9,14,199157120
6,8762225933,Dire,No,46 мин,Булка с маком,Dawnbreaker,14,13,21,48804856
7,8756501545,Radiant,No,41 мин,Сквозной,Windranger,8,7,7,431403751
7,8756501545,Radiant,No,41 мин,Булка с маком,Nyx Assassin,7,15,9,48804856
7,8756501545,Radiant,No,41 мин,teo,Bristleback,0,14,5,110621494
7,8756501545,Radiant,No,41 мин,Atzik,Disruptor,1,18,17,44019880
7,8756501545,Radiant,No,41 мин,gin,Death Prophet,10,8,10,1168515991
7,8756501545,Dire,Yes,41 мин,Хоссср,Mirana,7,6,35,35394283
7,8756501545,Dire,Yes,41 мин,inst: parvizname,Phoenix,11,5,16,115702863
7,8756501545,Dire,Yes,41 мин,SherAGRESSORR.twitch,Juggernaut,8,5,11,177122169
7,8756501545,Dire,Yes,41 мин,pxkxmxlxdxy,Leshrac,18,6,15,286900954
7,8756501545,Dire,Yes,41 мин,StrongLeg,Chaos Knight,17,4,13,34226035
8,8756387355,Radiant,Yes,65 мин,Сквозной,Slark,20,7,23,431403751
8,8756387355,Radiant,Yes,65 мин,Булка с маком,Kunkka,2,11,26,48804856
8,8756387355,Radiant,Yes,65 мин,Atzik,Jakiro,7,17,27,44019880
8,8756387355,Radiant,Yes,65 мин,teo,Lion,12,18,18,110621494
8,8756387355,Radiant,Yes,65 мин,gin,Void Spirit,20,5,15,1168515991
8,8756387355,Dire,No,65 мин,Хоссср,Tidehunter,6,11,27,35394283
8,8756387355,Dire,No,65 мин,Snake-Jazzman,Lich,6,16,20,37615683
8,8756387355,Dire,No,65 мин,inst: parvizname,Disruptor,4,17,37,115702863
8,8756387355,Dire,No,65 мин,SherAGRESSORR.twitch,Invoker,5,11,22,177122169
8,8756387355,Dire,No,65 мин,StrongLeg,Spectre,34,10,17,34226035
9,8755021393,Radiant,No,36 мин,Atzik,Shadow Shaman,3,18,20,44019880
9,8755021393,Radiant,No,36 мин,Сквозной,Bristleback,12,10,9,431403751
9,8755021393,Radiant,No,36 мин,Snake-Jazzman,Lich,0,17,12,37615683
9,8755021393,Radiant,No,36 мин,GOD OF DOTA,Medusa,9,9,6,141842258
9,8755021393,Radiant,No,36 мин,StrongLeg,Razor,5,13,12,34226035
9,8755021393,Dire,Yes,36 мин,Жора Пасатижи,Night Stalker,17,2,20,132943958
9,8755021393,Dire,Yes,36 мин,Булка с маком,Crystal Maiden,10,9,16,48804856
9,8755021393,Dire,Yes,36 мин,неотложка,Witch Doctor,9,9,33,370550131
9,8755021393,Dire,Yes,36 мин,_TwoGirls_,Weaver,25,2,17,371248693
9,8755021393,Dire,Yes,36 мин,ИМПАКТ ИЗ ТАВЕРНЫ,Grimstroke,4,9,32,94204864
10,8740087362,Radiant,No,45 мин,Сквозной,Troll Warlord,12,12,12,431403751
10,8740087362,Radiant,No,45 мин,Хоссср,Disruptor,8,10,22,35394283
10,8740087362,Radiant,No,45 мин,Булка с маком,Dawnbreaker,11,15,18,48804856
10,8740087362,Radiant,No,45 мин,inst: parvizname,Invoker,4,13,16,115702863
10,8740087362,Radiant,No,45 мин,StrongLeg,Vengeful Spirit,3,11,26,34226035
10,8740087362,Dire,Yes,45 мин,teo,Lion,7,7,32,110621494
10,8740087362,Dire,Yes,45 мин,Argos,Mars,6,9,21,103024977
10,8740087362,Dire,Yes,45 мин,Atzik,Witch Doctor,4,14,32,44019880
10,8740087362,Dire,Yes,45 мин,_TwoGirls_,Skywrath Mage,27,5,15,371248693
10,8740087362,Dire,Yes,45 мин,люблю худых,Anti-Mage,16,5,19,212155110
11,8740042121,Radiant,Yes,37 мин,Сквозной,Drow Ranger,19,5,14,431403751
11,8740042121,Radiant,Yes,37 мин,Булка с маком,Kunkka,3,12,26,48804856
11,8740042121,Radiant,Yes,37 мин,Хоссср,Witch Doctor,10,12,24,35394283
11,8740042121,Radiant,Yes,37 мин,inst: parvizname,Pudge,16,5,18,115702863
11,8740042121,Radiant,Yes,37 мин,StrongLeg,Gyrocopter,11,6,17,34226035
11,8740042121,Dire,No,37 мин,teo,Sniper,10,10,19,110621494
11,8740042121,Dire,No,37 мин,Atzik,Jakiro,2,21,29,44019880
11,8740042121,Dire,No,37 мин,_TwoGirls_,Skywrath Mage,20,9,10,371248693
11,8740042121,Dire,No,37 мин,люблю худых,Pangolier,2,11,13,212155110
11,8740042121,Dire,No,37 мин,Snake-Jazzman,Lich,5,8,16,37615683
12,8737114059,Radiant,No,55 мин,Сквозной,Magnus,4,16,26,431403751
12,8737114059,Radiant,No,55 мин,Хоссср,Riki,35,14,23,35394283
12,8737114059,Radiant,No,55 мин,Atzik,Shadow Shaman,5,21,36,44019880
12,8737114059,Radiant,No,55 мин,teo,Sniper,12,12,33,110621494
12,8737114059,Radiant,No,55 мин,Y O S E N,Invoker,21,11,25,104608913
12,8737114059,Dire,Yes,55 мин,Булка с маком,Pugna,4,22,30,48804856
12,8737114059,Dire,Yes,55 мин,Snake-Jazzman,Lich,0,19,19,37615683
12,8737114059,Dire,Yes,55 мин,взаимные лайки от,Dazzle,20,11,22,124379140
12,8737114059,Dire,Yes,55 мин,3 goda na solyah,Pudge,45,13,14,1527517657
12,8737114059,Dire,Yes,55 мин,StrongLeg,Faceless Void,4,15,28,34226035
13,8737044109,Radiant,Yes,43 мин,Сквозной,Medusa,12,5,20,431403751
13,8737044109,Radiant,Yes,43 мин,Хоссср,Lion,6,14,21,35394283
13,8737044109,Radiant,Yes,43 мин,Y O S E N,Void Spirit,14,4,21,104608913
13,8737044109,Radiant,Yes,43 мин,teo,Tidehunter,4,7,27,110621494
13,8737044109,Radiant,Yes,43 мин,Atzik,Witch Doctor,13,9,21,44019880
13,8737044109,Dire,No,43 мин,взаимные лайки от,Invoker,11,10,16,124379140
13,8737044109,Dire,No,43 мин,Булка с маком,Kunkka,10,13,15,48804856
13,8737044109,Dire,No,43 мин,Snake-Jazzman,Lich,5,12,8,37615683
13,8737044109,Dire,No,43 мин,StrongLeg,Lifestealer,6,6,11,34226035
13,8737044109,Dire,No,43 мин,3 goda na solyah,Tiny,4,10,14,1527517657
14,8735774646,Radiant,Yes,45 мин,Y O S E N,Void Spirit,16,7,23,104608913
14,8735774646,Radiant,Yes,45 мин,teo,Lone Druid,9,4,12,110621494
14,8735774646,Radiant,Yes,45 мин,StrongLeg,Warlock,6,7,40,34226035
14,8735774646,Radiant,Yes,45 мин,OUHETTUR,Earth Spirit,11,7,45,53849319
14,8735774646,Radiant,Yes,45 мин,plin2k,Skywrath Mage,16,7,31,286307758
14,8735774646,Dire,No,45 мин,Сквозной,Earthshaker,11,11,11,431403751
14,8735774646,Dire,No,45 мин,Snake-Jazzman,Shadow Shaman,2,15,15,37615683
14,8735774646,Dire,No,45 мин,Булка с маком,Crystal Maiden,7,11,19,48804856
14,8735774646,Dire,No,45 мин,Хоссср,Sniper,6,12,19,35394283
14,8735774646,Dire,No,45 мин,Жора Пасатижи,Largo,5,10,19,132943958
15,8727722116,Radiant,Yes,32 мин,teo,Lone Druid,7,4,8,110621494
15,8727722116,Radiant,Yes,32 мин,Snake-Jazzman,Crystal Maiden,2,8,13,37615683
15,8727722116,Radiant,Yes,32 мин,NajiL,Storm Spirit,18,1,14,386793843
15,8727722116,Radiant,Yes,32 мин,Сквозной,Warlock,5,6,18,431403751
15,8727722116,Radiant,Yes,32 мин,Sphinx,Sven,5,4,22,199157120
15,8727722116,Dire,No,32 мин,OUHETTUR,Wraith King,9,4,8,53849319
15,8727722116,Dire,No,32 мин,Atzik,Keeper of the Light,3,8,8,44019880
15,8727722116,Dire,No,32 мин,Хоссср,Pudge,4,11,10,35394283
15,8727722116,Dire,No,32 мин,StrongLeg,Drow Ranger,2,6,7,34226035
15,8727722116,Dire,No,32 мин,Y O S E N,Phantom Assassin,5,8,4,104608913
16,8727644462,Radiant,No,39 мин,Хоссср,Phantom Assassin,3,7,12,35394283
16,8727644462,Radiant,No,39 мин,Atzik,Witch Doctor,9,7,11,44019880
16,8727644462,Radiant,No,39 мин,Y O S E N,Queen of Pain,11,6,13,104608913
16,8727644462,Radiant,No,39 мин,StrongLeg,Razor,8,10,18,34226035
16,8727644462,Radiant,No,39 мин,OUHETTUR,Phoenix,8,7,21,53849319
16,8727644462,Dire,Yes,39 мин,Snake-Jazzman,Lich,3,14,12,37615683
16,8727644462,Dire,Yes,39 мин,Сквозной,Lifestealer,8,6,6,431403751
16,8727644462,Dire,Yes,39 мин,Sphinx,Bristleback,4,4,15,199157120
16,8727644462,Dire,Yes,39 мин,NajiL,Largo,19,3,7,386793843
16,8727644462,Dire,Yes,39 мин,teo,Silencer,2,13,19,110621494
21,7642592337,Radiant,Yes,28 мин,Хоссср,Clinkz,22,5,14,35394283
21,7642592337,Radiant,Yes,28 мин,teo,Omniknight,11,2,24,110621494
21,7642592337,Radiant,Yes,28 мин,Y O S E N,Slardar,8,5,22,104608913
21,7642592337,Radiant,Yes,28 мин,Булка с маком,Kunkka,7,5,26,48804856
21,7642592337,Radiant,Yes,28 мин,StrongLeg,Treant Protector,9,4,35,34226035
21,7642592337,Dire,No,28 мин,Atzik,Ancient Apparition,3,11,13,44019880
21,7642592337,Dire,No,28 мин,_TwoGirls_,Phantom Assassin,4,9,12,371248693
21,7642592337,Dire,No,28 мин,ИМПАКТ ИЗ ТАВЕРНЫ,Axe,6,14,8,94204864
21,7642592337,Dire,No,28 мин,Snake-Jazzman,Lich,4,14,9,37615683
21,7642592337,Dire,No,28 мин,KeS.Jr,Spirit Breaker,4,11,14,62575637
22,7642492857,Radiant,No,54 мин,_TwoGirls_,Faceless Void,16,13,17,371248693
22,7642492857,Radiant,No,54 мин,KeS.Jr,Pudge,8,15,17,62575637
22,7642492857,Radiant,No,54 мин,Atzik,Ancient Apparition,1,13,30,44019880
22,7642492857,Radiant,No,54 мин,Snake-Jazzman,Lich,5,18,14,37615683
22,7642492857,Radiant,No,54 мин,ИМПАКТ ИЗ ТАВЕРНЫ,Rubick,15,11,11,94204864
22,7642492857,Dire,Yes,54 мин,Хоссср,Wraith King,22,7,33,35394283
22,7642492857,Dire,Yes,54 мин,teo,Omniknight,14,9,21,110621494
22,7642492857,Dire,Yes,54 мин,StrongLeg,Grimstroke,7,9,54,34226035
22,7642492857,Dire,Yes,54 мин,Y O S E N,Puck,14,7,21,104608913
22,7642492857,Dire,Yes,54 мин,ластхит по перхоти,Snapfire,11,13,27,207865369
23,7627520080,Radiant,No,35 мин,ИМПАКТ ИЗ ТАВЕРНЫ,Centaur Warrunner,1,14,11,94204864
23,7627520080,Radiant,No,35 мин,люблю худых,Pudge,8,8,6,212155110
23,7627520080,Radiant,No,35 мин,_TwoGirls_,Sniper,4,11,4,371248693
23,7627520080,Radiant,No,35 мин,Atzik,Ancient Apparition,1,11,11,44019880
23,7627520080,Radiant,No,35 мин,Даня,Disruptor,0,11,10,25341301
23,7627520080,Dire,Yes,35 мин,Хоссср,Tidehunter,9,3,22,35394283
23,7627520080,Dire,Yes,35 мин,teo,Lone Druid,9,0,13,110621494
23,7627520080,Dire,Yes,35 мин,Y O S E N,Viper,20,3,11,104608913
23,7627520080,Dire,Yes,35 мин,StrongLeg,Undying,9,6,33,34226035
23,7627520080,Dire,Yes,35 мин,KeS.Jr,Nature's Prophet,6,4,26,62575637
24,7627450668,Radiant,Yes,39 мин,Хоссср,Wraith King,9,4,13,35394283
24,7627450668,Radiant,Yes,39 мин,KeS.Jr,Centaur Warrunner,3,8,27,62575637
24,7627450668,Radiant,Yes,39 мин,Atzik,Witch Doctor,8,6,22,44019880
24,7627450668,Radiant,Yes,39 мин,люблю худых,Shadow Fiend,16,4,15,212155110
24,7627450668,Radiant,Yes,39 мин,ИМПАКТ ИЗ ТАВЕРНЫ,Rubick,3,12,17,94204864
24,7627450668,Dire,No,39 мин,_TwoGirls_,Drow Ranger,4,8,7,371248693
24,7627450668,Dire,No,39 мин,StrongLeg,Vengeful Spirit,7,9,16,34226035
24,7627450668,Dire,No,39 мин,Жора Пасатижи,Night Stalker,11,7,10,132943958
24,7627450668,Dire,No,39 мин,Y O S E N,Necrophos,10,7,8,104608913
24,7627450668,Dire,No,39 мин,Даня,Disruptor,1,9,21,25341301
25,7627382559,Radiant,No,29 мин,ластхит по перхоти,Vengeful Spirit,0,9,5,207865369
25,7627382559,Radiant,No,29 мин,Жора Пасатижи,Omniknight,1,8,4,132943958
25,7627382559,Radiant,No,29 мин,Y O S E N,Death Prophet,2,9,3,104608913
25,7627382559,Radiant,No,29 мин,ИМПАКТ ИЗ ТАВЕРНЫ,Rubick,4,8,4,94204864
25,7627382559,Radiant,No,29 мин,люблю худых,Slark,1,4,2,212155110
25,7627382559,Dire,Yes,29 мин,StrongLeg,Slardar,6,0,18,34226035
25,7627382559,Dire,Yes,29 мин,KeS.Jr,Techies,9,0,12,62575637
25,7627382559,Dire,Yes,29 мин,Atzik,Jakiro,1,6,24,44019880
25,7627382559,Dire,Yes,29 мин,Хоссср,Wraith King,5,1,11,35394283
25,7627382559,Dire,Yes,29 мин,_TwoGirls_,Windranger,17,1,12,371248693
26,7611221400,Radiant,Yes,62 мин,Y O S E N,Queen of Pain,17,5,13,104608913
26,7611221400,Radiant,Yes,62 мин,teo,Sniper,17,3,24,110621494
26,7611221400,Radiant,Yes,62 мин,Хоссср,Pudge,4,11,31,35394283
26,7611221400,Radiant,Yes,62 мин,Булка с маком,Kunkka,14,14,29,48804856
26,7611221400,Radiant,Yes,62 мин,StrongLeg,Undying,5,9,36,34226035
26,7611221400,Dire,No,62 мин,OUHETTUR,Phoenix,8,10,22,53849319
26,7611221400,Dire,No,62 мин,Железный человек,Timbersaw,13,14,20,253235627
26,7611221400,Dire,No,62 мин,KeS.Jr,Gyrocopter,3,9,29,62575637
26,7611221400,Dire,No,62 мин,elv1n777,Hoodwink,7,11,22,257326716
26,7611221400,Dire,No,62 мин,Atzik,Ancient Apparition,10,14,24,44019880
27,7611146864,Radiant,Yes,36 мин,Железный человек,Timbersaw,8,5,26,253235627
27,7611146864,Radiant,Yes,36 мин,Atzik,Grimstroke,6,3,27,44019880
27,7611146864,Radiant,Yes,36 мин,KeS.Jr,Chaos Knight,11,7,16,62575637
27,7611146864,Radiant,Yes,36 мин,OUHETTUR,Ember Spirit,10,1,22,53849319
27,7611146864,Radiant,Yes,36 мин,elv1n777,Witch Doctor,15,4,20,257326716
27,7611146864,Dire,No,36 мин,Хоссср,Juggernaut,4,9,5,35394283
27,7611146864,Dire,No,36 мин,teo,Omniknight,3,10,7,110621494
27,7611146864,Dire,No,36 мин,StrongLeg,Vengeful Spirit,4,13,10,34226035
27,7611146864,Dire,No,36 мин,Y O S E N,Necrophos,7,7,5,104608913
27,7611146864,Dire,No,36 мин,ластхит по перхоти,Silencer,1,11,11,207865369
28,7605931720,Radiant,No,42 мин,Хоссср,Faceless Void,13,8,10,35394283
28,7605931720,Radiant,No,42 мин,teo,Omniknight,8,7,14,110621494
28,7605931720,Radiant,No,42 мин,KeS.Jr,Nature's Prophet,8,9,20,62575637
28,7605931720,Radiant,No,42 мин,Atzik,Jakiro,9,12,18,44019880
28,7605931720,Radiant,No,42 мин,Булка с маком,Pudge,4,13,9,48804856
28,7605931720,Dire,Yes,42 мин,Y O S E N,Monkey King,11,15,12,104608913
28,7605931720,Dire,Yes,42 мин,Жора Пасатижи,Winter Wyvern,7,11,17,132943958
28,7605931720,Dire,Yes,42 мин,Snake-Jazzman,Lich,4,10,29,37615683
28,7605931720,Dire,Yes,42 мин,OUHETTUR,Alchemist,13,3,21,53849319
28,7605931720,Dire,Yes,42 мин,StrongLeg,Lifestealer,14,4,17,34226035
29,7598473841,Radiant,Yes,42 мин,elv1n777,Hoodwink,8,5,37,257326716
29,7598473841,Radiant,Yes,42 мин,KeS.Jr,Spirit Breaker,6,9,31,62575637
29,7598473841,Radiant,Yes,42 мин,Atzik,Jakiro,8,6,40,44019880
29,7598473841,Radiant,Yes,42 мин,86-й,Pugna,15,9,36,59850816
29,7598473841,Radiant,Yes,42 мин,StrongLeg,Faceless Void,20,5,18,34226035
29,7598473841,Dire,No,42 мин,Y O S E N,Lifestealer,11,7,13,104608913
29,7598473841,Dire,No,42 мин,Хоссср,Pudge,5,15,16,35394283
29,7598473841,Dire,No,42 мин,OUHETTUR,Dragon Knight,4,9,11,53849319
29,7598473841,Dire,No,42 мин,ластхит по перхоти,Shadow Shaman,3,14,23,207865369
29,7598473841,Dire,No,42 мин,Булка с маком,Dawnbreaker,8,13,24,48804856
30,7598366164,Radiant,Yes,62 мин,Хоссср,Pudge,17,13,28,35394283
30,7598366164,Radiant,Yes,62 мин,Y O S E N,Sven,19,4,15,104608913
30,7598366164,Radiant,Yes,62 мин,ластхит по перхоти,Jakiro,8,8,38,207865369
30,7598366164,Radiant,Yes,62 мин,OUHETTUR,Zeus,15,2,39,53849319
30,7598366164,Radiant,Yes,62 мин,Булка с маком,Kunkka,9,12,42,48804856
30,7598366164,Dire,No,62 мин,86-й,Clinkz,13,14,14,59850816
30,7598366164,Dire,No,62 мин,KeS.Jr,Underlord,5,15,20,62575637
30,7598366164,Dire,No,62 мин,elv1n777,Lich,4,15,21,257326716
30,7598366164,Dire,No,62 мин,Atzik,Ancient Apparition,8,15,20,44019880
30,7598366164,Dire,No,62 мин,StrongLeg,Luna,8,11,15,34226035
31,7568186592,Radiant,No,48 мин,teo,Ursa,9,12,10,110621494
31,7568186592,Radiant,No,48 мин,Булка с маком,Dawnbreaker,9,17,17,48804856
31,7568186592,Radiant,No,48 мин,ИМПАКТ ИЗ ТАВЕРНЫ,Rubick,5,14,21,94204864
31,7568186592,Radiant,No,48 мин,Rome,Lina,6,13,16,94035796
31,7568186592,Radiant,No,48 мин,GOD OF DOTA,Ancient Apparition,7,11,21,141842258
31,7568186592,Dire,Yes,48 мин,Хоссср,Spirit Breaker,13,6,33,35394283
31,7568186592,Dire,Yes,48 мин,Snake-Jazzman,Lich,11,8,30,37615683
31,7568186592,Dire,Yes,48 мин,Y O S E N,Snapfire,13,7,21,104608913
31,7568186592,Dire,Yes,48 мин,StrongLeg,Dragon Knight,9,6,33,34226035
31,7568186592,Dire,Yes,48 мин,_TwoGirls_,Phoenix,19,10,31,371248693
32,7568065868,Radiant,No,56 мин,Хоссср,Disruptor,6,1,21,35394283
32,7568065868,Radiant,No,56 мин,teo,Lifestealer,13,11,14,110621494
32,7568065868,Radiant,No,56 мин,Snake-Jazzman,Lich,4,11,21,37615683
32,7568065868,Radiant,No,56 мин,GOD OF DOTA,Wraith King,5,8,24,141842258
32,7568065868,Radiant,No,56 мин,_TwoGirls_,Arc Warden,3,10,14,371248693
32,7568065868,Dire,Yes,56 мин,StrongLeg,Phantom Lancer,10,4,15,34226035
32,7568065868,Dire,Yes,56 мин,ластхит по перхоти,Centaur Warrunner,2,8,30,207865369
32,7568065868,Dire,Yes,56 мин,Булка с маком,Pudge,10,7,14,48804856
32,7568065868,Dire,Yes,56 мин,ИМПАКТ ИЗ ТАВЕРНЫ,Rubick,8,8,21,94204864
32,7568065868,Dire,Yes,56 мин,Y O S E N,Necrophos,9,5,20,104608913
33,7567941674,Radiant,Yes,45 мин,Y O S E N,Razor,9,4,29,104608913
33,7567941674,Radiant,Yes,45 мин,ластхит по перхоти,Tidehunter,12,3,38,207865369
33,7567941674,Radiant,Yes,45 мин,ИМПАКТ ИЗ ТАВЕРНЫ,Rubick,6,8,22,94204864
33,7567941674,Radiant,Yes,45 мин,StrongLeg,Spectre,29,8,22,34226035
33,7567941674,Radiant,Yes,45 мин,Булка с маком,Witch Doctor,5,12,16,48804856
33,7567941674,Dire,No,45 мин,Хоссср,Drow Ranger,3,13,10,35394283
33,7567941674,Dire,No,45 мин,teo,Night Stalker,10,10,15,110621494
33,7567941674,Dire,No,45 мин,_TwoGirls_,Phantom Assassin,14,11,8,371248693
33,7567941674,Dire,No,45 мин,GOD OF DOTA,Silencer,8,13,19,141842258
33,7567941674,Dire,No,45 мин,Snake-Jazzman,Lich,0,14,16,37615683
34,7559374159,Radiant,No,44 мин,teo,Zeus,14,12,17,110621494
34,7559374159,Radiant,No,44 мин,Snake-Jazzman,Lich,0,14,22,37615683
34,7559374159,Radiant,No,44 мин,люблю худых,Lifestealer,14,10,9,212155110
34,7559374159,Radiant,No,44 мин,Rome,Winter Wyvern,7,12,16,94035796
34,7559374159,Radiant,No,44 мин,ИМПАКТ ИЗ ТАВЕРНЫ,Rubick,5,19,21,94204864
34,7559374159,Dire,Yes,44 мин,Хоссср,Spirit Breaker,9,8,29,35394283
34,7559374159,Dire,Yes,44 мин,Atzik,Witch Doctor,12,9,32,44019880
34,7559374159,Dire,Yes,44 мин,_TwoGirls_,Spectre,22,10,33,371248693
34,7559374159,Dire,Yes,44 мин,Булка с маком,Kunkka,4,10,21,48804856
34,7559374159,Dire,Yes,44 мин,StrongLeg,Pangolier,19,4,27,34226035
35,7559316969,Radiant,No,46 мин,_TwoGirls_,Storm Spirit,22,11,7,371248693
35,7559316969,Radiant,No,46 мин,Snake-Jazzman,Lich,3,14,16,37615683
35,7559316969,Radiant,No,46 мин,KeS.Jr,Spirit Breaker,9,9,22,62575637
35,7559316969,Radiant,No,46 мин,Rome,Sand King,5,7,25,94035796
35,7559316969,Radiant,No,46 мин,StrongLeg,Luna,9,9,5,34226035
35,7559316969,Dire,Yes,46 мин,Хоссср,Techies,7,8,19,35394283
35,7559316969,Dire,Yes,46 мин,Atzik,Witch Doctor,6,12,23,44019880
35,7559316969,Dire,Yes,46 мин,люблю худых,Anti-Mage,22,5,12,212155110
35,7559316969,Dire,Yes,46 мин,teo,Zeus,7,13,26,110621494
35,7559316969,Dire,Yes,46 мин,Булка с маком,Kunkka,7,12,16,48804856
36,7559238144,Radiant,No,45 мин,Булка с маком,Pudge,2,11,11,48804856
36,7559238144,Radiant,No,45 мин,Snake-Jazzman,Lich,3,11,9,37615683
36,7559238144,Radiant,No,45 мин,KeS.Jr,Shadow Demon,2,8,9,62575637
36,7559238144,Radiant,No,45 мин,Хоссср,Chaos Knight,7,5,5,35394283
36,7559238144,Radiant,No,45 мин,StrongLeg,Templar Assassin,5,4,7,34226035
36,7559238144,Dire,Yes,45 мин,Rome,Vengeful Spirit,3,4,16,94035796
36,7559238144,Dire,Yes,45 мин,teo,Sven,17,6,8,110621494
36,7559238144,Dire,Yes,45 мин,ластхит по перхоти,Grimstroke,2,6,27,207865369
36,7559238144,Dire,Yes,45 мин,Y O S E N,Death Prophet,6,2,25,104608913
36,7559238144,Dire,Yes,45 мин,Железный человек,Night Stalker,11,2,17,253235627
37,7559168751,Radiant,No,35 мин,Булка с маком,Pudge,2,9,9,48804856
37,7559168751,Radiant,No,35 мин,StrongLeg,Marci,6,13,9,34226035
37,7559168751,Radiant,No,35 мин,KeS.Jr,Abaddon,2,5,10,62575637
37,7559168751,Radiant,No,35 мин,Snake-Jazzman,Lich,4,8,9,37615683
37,7559168751,Radiant,No,35 мин,Хоссср,Juggernaut,2,8,7,35394283
37,7559168751,Dire,Yes,35 мин,Y O S E N,Huskar,7,5,22,104608913
37,7559168751,Dire,Yes,35 мин,teo,Phantom Lancer,8,1,15,110621494
37,7559168751,Dire,Yes,35 мин,Rome,Ogre Magi,4,5,24,94035796
37,7559168751,Dire,Yes,35 мин,ластхит по перхоти,Witch Doctor,9,5,14,207865369
37,7559168751,Dire,Yes,35 мин,Железный человек,Doom,15,2,17,253235627
38,7557618376,Radiant,No,79 мин,Хоссср,Lifestealer,25,16,26,35394283
38,7557618376,Radiant,No,79 мин,KeS.Jr,Nyx Assassin,15,18,33,62575637
38,7557618376,Radiant,No,79 мин,Y O S E N,Doom,14,14,39,104608913
38,7557618376,Radiant,No,79 мин,ластхит по перхоти,Wraith King,4,15,38,207865369
38,7557618376,Radiant,No,79 мин,Snake-Jazzman,Lich,9,16,33,37615683
38,7557618376,Dire,Yes,79 мин,teo,Axe,22,13,25,110621494
38,7557618376,Dire,Yes,79 мин,Булка с маком,Pudge,11,20,41,48804856
38,7557618376,Dire,Yes,79 мин,Жора Пасатижи,Razor,24,7,38,132943958
38,7557618376,Dire,Yes,79 мин,Atzik,Grimstroke,6,17,36,44019880
38,7557618376,Dire,Yes,79 мин,StrongLeg,Pangolier,13,11,38,34226035
39,7557507459,Radiant,Yes,38 мин,Хоссср,Lifestealer,15,2,14,35394283
39,7557507459,Radiant,Yes,38 мин,Snake-Jazzman,Shadow Shaman,5,9,18,37615683
39,7557507459,Radiant,Yes,38 мин,KeS.Jr,Spirit Breaker,9,2,20,62575637
39,7557507459,Radiant,Yes,38 мин,ластхит по перхоти,Tidehunter,3,4,32,207865369
39,7557507459,Radiant,Yes,38 мин,Y O S E N,Outworld Destroyer,14,5,16,104608913
39,7557507459,Dire,No,38 мин,Булка с маком,Crystal Maiden,2,11,15,48804856
39,7557507459,Dire,No,38 мин,teo,Phantom Lancer,10,4,8,110621494
39,7557507459,Dire,No,38 мин,StrongLeg,Ember Spirit,3,10,12,34226035
39,7557507459,Dire,No,38 мин,Atzik,Lich,5,12,9,44019880
39,7557507459,Dire,No,38 мин,Железный человек,Magnus,2,9,11,253235627
40,7557431337,Radiant,Yes,39 мин,Булка с маком,Crystal Maiden,4,12,20,48804856
40,7557431337,Radiant,Yes,39 мин,Железный человек,Magnus,16,5,24,253235627
40,7557431337,Radiant,Yes,39 мин,teo,Sniper,14,5,28,110621494
40,7557431337,Radiant,Yes,39 мин,Atzik,Grimstroke,6,9,29,44019880
40,7557431337,Radiant,Yes,39 мин,StrongLeg,Pangolier,20,2,27,34226035
40,7557431337,Dire,No,39 мин,KeS.Jr,Lion,5,15,11,62575637
40,7557431337,Dire,No,39 мин,Y O S E N,Bristleback,9,12,9,104608913
40,7557431337,Dire,No,39 мин,ластхит по перхоти,Mars,3,8,12,207865369
40,7557431337,Dire,No,39 мин,Хоссср,Clinkz,11,13,14,35394283
40,7557431337,Dire,No,39 мин,Snake-Jazzman,Lich,5,12,14,37615683
41,7551664235,Radiant,No,39 мин,Булка с маком,Lion,7,13,6,48804856
41,7551664235,Radiant,No,39 мин,StrongLeg,Underlord,4,7,10,34226035
41,7551664235,Radiant,No,39 мин,hyco,Zeus,2,8,5,1040093158
41,7551664235,Radiant,No,39 мин,Жора Пасатижи,Nature's Prophet,4,10,5,132943958
41,7551664235,Radiant,No,39 мин,Snake-Jazzman,Lich,0,15,7,37615683
41,7551664235,Dire,Yes,39 мин,Хоссср,Phantom Assassin,16,4,14,35394283
41,7551664235,Dire,Yes,39 мин,Y O S E N,Necrophos,21,1,21,104608913
41,7551664235,Dire,Yes,39 мин,Atzik,Jakiro,1,8,12,44019880
41,7551664235,Dire,Yes,39 мин,teo,Night Stalker,9,4,30,110621494
41,7551664235,Dire,Yes,39 мин,ластхит по перхоти,Snapfire,6,1,28,207865369
42,7551589289,Radiant,Yes,52 мин,Жора Пасатижи,Sniper,12,4,15,132943958
42,7551589289,Radiant,Yes,52 мин,KeS.Jr,Doom,9,6,32,62575637
42,7551589289,Radiant,Yes,52 мин,Atzik,Grimstroke,2,6,28,44019880
42,7551589289,Radiant,Yes,52 мин,Булка с маком,Crystal Maiden,13,5,19,48804856
42,7551589289,Radiant,Yes,52 мин,hyco,Bloodseeker,14,4,21,1040093158
42,7551589289,Dire,No,52 мин,Хоссср,Rubick,3,13,14,35394283
42,7551589289,Dire,No,52 мин,Y O S E N,Lina,8,7,10,104608913
42,7551589289,Dire,No,52 мин,ластхит по перхоти,Centaur Warrunner,7,10,13,207865369
42,7551589289,Dire,No,52 мин,StrongLeg,Winter Wyvern,4,14,12,34226035
42,7551589289,Dire,No,52 мин,teo,Phantom Lancer,3,6,11,110621494
43,7545418329,Radiant,Yes,46 мин,Хоссср,Juggernaut,18,7,10,35394283
43,7545418329,Radiant,Yes,46 мин,StrongLeg,Tidehunter,12,7,36,34226035
43,7545418329,Radiant,Yes,46 мин,Булка с маком,Crystal Maiden,3,16,31,48804856
43,7545418329,Radiant,Yes,46 мин,Rome,Lina,12,9,16,94035796
43,7545418329,Radiant,Yes,46 мин,OUHETTUR,Earth Spirit,8,9,31,53849319
43,7545418329,Dire,No,46 мин,KeS.Jr,Shadow Shaman,5,15,24,62575637
43,7545418329,Dire,No,46 мин,teo,Spectre,15,7,17,110621494
43,7545418329,Dire,No,46 мин,86-й,Elder Titan,10,12,18,59850816
43,7545418329,Dire,No,46 мин,Atzik,Witch Doctor,11,12,18,44019880
43,7545418329,Dire,No,46 мин,Y,Pudge,6,9,16,35240930
44,7545360879,Radiant,Yes,38 мин,Хоссср,Earthshaker,6,9,11,35394283
44,7545360879,Radiant,Yes,38 мин,Snake-Jazzman,Lich,5,6,24,37615683
44,7545360879,Radiant,Yes,38 мин,ластхит по перхоти,Phoenix,2,4,36,207865369
44,7545360879,Radiant,Yes,38 мин,Y O S E N,Huskar,23,7,14,104608913
44,7545360879,Radiant,Yes,38 мин,StrongLeg,Lifestealer,16,0,17,34226035
44,7545360879,Dire,No,38 мин,Atzik,Jakiro,4,12,13,44019880
44,7545360879,Dire,No,38 мин,KeS.Jr,Spirit Breaker,3,11,14,62575637
44,7545360879,Dire,No,38 мин,Rome,Weaver,2,4,13,94035796
44,7545360879,Dire,No,38 мин,Булка с маком,Dawnbreaker,4,15,12,48804856
44,7545360879,Dire,No,38 мин,teo,Storm Spirit,8,10,5,110621494
45,7545299389,Radiant,No,37 мин,Snake-Jazzman,Lich,4,12,11,37615683
45,7545299389,Radiant,No,37 мин,teo,Anti-Mage,5,11,9,110621494
45,7545299389,Radiant,No,37 мин,StrongLeg,Windranger,9,8,7,34226035
45,7545299389,Radiant,No,37 мин,Atzik,Tidehunter,2,13,10,44019880
45,7545299389,Radiant,No,37 мин,KeS.Jr,Nature's Prophet,3,20,7,62575637
45,7545299389,Dire,Yes,37 мин,Y O S E N,Outworld Destroyer,14,4,18,104608913
45,7545299389,Dire,Yes,37 мин,ластхит по перхоти,Crystal Maiden,7,5,34,207865369
45,7545299389,Dire,Yes,37 мин,Хоссср,Phantom Assassin,16,4,12,35394283
45,7545299389,Dire,Yes,37 мин,Булка с маком,Pudge,12,7,30,48804856
45,7545299389,Dire,Yes,37 мин,Rome,Winter Wyvern,14,4,16,94035796
46,7539445476,Radiant,Yes,30 мин,Хоссср,Wraith King,8,1,12,35394283
46,7539445476,Radiant,Yes,30 мин,teo,Sniper,23,3,14,110621494
46,7539445476,Radiant,Yes,30 мин,Булка с маком,Kunkka,6,5,22,48804856
46,7539445476,Radiant,Yes,30 мин,StrongLeg,Silencer,8,3,25,34226035
46,7539445476,Radiant,Yes,30 мин,OUHETTUR,Earth Spirit,7,3,30,53849319
46,7539445476,Dire,No,30 мин,KeS.Jr,Gyrocopter,3,13,7,62575637
46,7539445476,Dire,No,30 мин,ластхит по перхоти,Beastmaster,1,11,6,207865369
46,7539445476,Dire,No,30 мин,Y O S E N,Chaos Knight,1,8,6,104608913
46,7539445476,Dire,No,30 мин,Atzik,Grimstroke,3,10,6,44019880
46,7539445476,Dire,No,30 мин,86-й,Luna,6,10,6,59850816
47,7539390890,Radiant,Yes,36 мин,Atzik,Witch Doctor,7,10,26,44019880
47,7539390890,Radiant,Yes,36 мин,Y O S E N,Lifestealer,11,3,14,104608913
47,7539390890,Radiant,Yes,36 мин,ластхит по перхоти,Centaur Warrunner,9,9,31,207865369
47,7539390890,Radiant,Yes,36 мин,86-й,Pugna,17,2,24,59850816
47,7539390890,Radiant,Yes,36 мин,KeS.Jr,Spirit Breaker,7,8,25,62575637
47,7539390890,Dire,No,36 мин,Хоссср,Pudge,5,12,13,35394283
47,7539390890,Dire,No,36 мин,Булка с маком,Dawnbreaker,2,14,22,48804856
47,7539390890,Dire,No,36 мин,OUHETTUR,Necrophos,15,8,12,53849319
47,7539390890,Dire,No,36 мин,teo,Phantom Assassin,10,7,13,110621494
47,7539390890,Dire,No,36 мин,StrongLeg,Grimstroke,0,10,21,34226035
48,7538065174,Radiant,Yes,44 мин,Хоссср,Sniper,25,6,9,35394283
48,7538065174,Radiant,Yes,44 мин,Булка с маком,Kunkka,7,7,27,48804856
48,7538065174,Radiant,Yes,44 мин,teo,Lone Druid,11,2,9,110621494
48,7538065174,Radiant,Yes,44 мин,Rome,Spirit Breaker,3,6,26,94035796
48,7538065174,Radiant,Yes,44 мин,StrongLeg,Vengeful Spirit,1,8,30,34226035
48,7538065174,Dire,No,44 мин,Atzik,Grimstroke,2,9,14,44019880
48,7538065174,Dire,No,44 мин,KeS.Jr,Techies,6,10,16,62575637
48,7538065174,Dire,No,44 мин,86-й,Venomancer,9,11,12,59850816
48,7538065174,Dire,No,44 мин,Y O S E N,Dark Willow,9,7,10,104608913
48,7538065174,Dire,No,44 мин,ластхит по перхоти,Primal Beast,3,10,13,207865369
49,7538005803,Radiant,No,43 мин,Хоссср,Rubick,3,13,14,35394283
49,7538005803,Radiant,No,43 мин,Rome,Treant Protector,1,5,23,94035796
49,7538005803,Radiant,No,43 мин,Булка с маком,Pugna,5,13,12,48804856
49,7538005803,Radiant,No,43 мин,teo,Night Stalker,4,8,14,110621494
49,7538005803,Radiant,No,43 мин,StrongLeg,Drow Ranger,16,4,10,34226035
49,7538005803,Dire,Yes,43 мин,Atzik,Witch Doctor,8,8,20,44019880
49,7538005803,Dire,Yes,43 мин,ластхит по перхоти,Wraith King,5,6,27,207865369
49,7538005803,Dire,Yes,43 мин,Y O S E N,Pudge,15,4,14,104608913
49,7538005803,Dire,Yes,43 мин,KeS.Jr,Muerta,6,10,23,62575637
49,7538005803,Dire,Yes,43 мин,86-й,Luna,9,2,24,59850816
50,7537937432,Radiant,Yes,43 мин,Atzik,Jakiro,16,12,23,44019880
50,7537937432,Radiant,Yes,43 мин,KeS.Jr,Rubick,2,8,32,62575637
50,7537937432,Radiant,Yes,43 мин,86-й,Clinkz,15,7,22,59850816
50,7537937432,Radiant,Yes,43 мин,ластхит по перхоти,Centaur Warrunner,8,10,31,207865369
50,7537937432,Radiant,Yes,43 мин,Y O S E N,Lycan,14,5,23,104608913
50,7537937432,Dire,No,43 мин,Хоссср,Pudge,9,16,14,35394283
50,7537937432,Dire,No,43 мин,StrongLeg,Lich,7,8,21,34226035
50,7537937432,Dire,No,43 мин,Rome,Viper,6,9,24,94035796
50,7537937432,Dire,No,43 мин,Булка с маком,Dawnbreaker,9,14,19,48804856
50,7537937432,Dire,No,43 мин,teo,Spectre,11,9,17,110621494
51,7536315346,Radiant,Yes,34 мин,Atzik,Grimstroke,1,3,16,44019880
51,7536315346,Radiant,Yes,34 мин,86-й,Clinkz,10,4,19,59850816
51,7536315346,Radiant,Yes,34 мин,Булка с маком,Dawnbreaker,6,6,17,48804856
51,7536315346,Radiant,Yes,34 мин,KeS.Jr,Nature's Prophet,9,7,17,62575637
51,7536315346,Radiant,Yes,34 мин,teo,Anti-Mage,11,1,10,110621494
51,7536315346,Dire,No,34 мин,Хоссср,Wraith King,7,7,11,35394283
51,7536315346,Dire,No,34 мин,ластхит по перхоти,Mars,1,5,8,207865369
51,7536315346,Dire,No,34 мин,Snake-Jazzman,Shadow Shaman,3,11,8,37615683
51,7536315346,Dire,No,34 мин,StrongLeg,Ancient Apparition,2,8,13,34226035
51,7536315346,Dire,No,34 мин,Y O S E N,Zeus,8,6,9,104608913
52,7536243938,Radiant,No,41 мин,Snake-Jazzman,Lich,1,14,13,37615683
52,7536243938,Radiant,No,41 мин,Булка с маком,Pudge,8,14,8,48804856
52,7536243938,Radiant,No,41 мин,Atzik,Jakiro,3,12,14,44019880
52,7536243938,Radiant,No,41 мин,86-й,Viper,14,9,10,59850816
52,7536243938,Radiant,No,41 мин,KeS.Jr,Abaddon,3,12,8,62575637
52,7536243938,Dire,Yes,41 мин,Хоссср,Wraith King,7,4,24,35394283
52,7536243938,Dire,Yes,41 мин,teo,Spirit Breaker,9,8,28,110621494
52,7536243938,Dire,Yes,41 мин,StrongLeg,Silencer,10,7,38,34226035
52,7536243938,Dire,Yes,41 мин,ластхит по перхоти,Centaur Warrunner,15,8,29,207865369
52,7536243938,Dire,Yes,41 мин,Y O S E N,Death Prophet,20,3,28,104608913
53,7502855926,Radiant,Yes,18 мин,StrongLeg,Gyrocopter,0,0,1,34226035
53,7502855926,Radiant,Yes,18 мин,ластхит по перхоти,Wraith King,0,1,1,207865369
53,7502855926,Radiant,Yes,18 мин,Snake-Jazzman,Lich,0,1,1,37615683
53,7502855926,Radiant,Yes,18 мин,Булка с маком,Pugna,1,1,0,48804856
53,7502855926,Radiant,Yes,18 мин,Y O S E N,Lycan,1,0,1,104608913
53,7502855926,Dire,No,18 мин,Хоссср,Pudge,0,1,2,35394283
53,7502855926,Dire,No,18 мин,Жора Пасатижи,Earthshaker,0,0,2,132943958
53,7502855926,Dire,No,18 мин,Atzik,Ancient Apparition,0,0,1,44019880
53,7502855926,Dire,No,18 мин,teo,Phantom Lancer,0,0,2,110621494
53,7502855926,Dire,No,18 мин,ИМПАКТ ИЗ ТАВЕРНЫ,Grimstroke,3,1,0,94204864
54,7310055835,Radiant,No,50 мин,WTF,Weaver,9,8,21,230727902
54,7310055835,Radiant,No,50 мин,_TwoGirls_,Winter Wyvern,22,7,13,371248693
54,7310055835,Radiant,No,50 мин,Булка с маком,Jakiro,8,12,26,48804856
54,7310055835,Radiant,No,50 мин,Snake-Jazzman,Ogre Magi,1,13,21,37615683
54,7310055835,Radiant,No,50 мин,teo,Legion Commander,7,16,19,110621494
54,7310055835,Dire,Yes,50 мин,Atzik,Grimstroke,3,13,39,44019880
54,7310055835,Dire,Yes,50 мин,ластхит по перхоти,Necrophos,13,8,32,207865369
54,7310055835,Dire,Yes,50 мин,StrongLeg,Drow Ranger,17,5,27,34226035
54,7310055835,Dire,Yes,50 мин,Y O S E N,Death Prophet,12,5,35,104608913
54,7310055835,Dire,Yes,50 мин,ИМПАКТ ИЗ ТАВЕРНЫ,Lion,9,16,22,94204864
55,7304937995,Radiant,Yes,41 мин,WTF,Ursa,18,11,19,230727902
55,7304937995,Radiant,Yes,41 мин,Y O S E N,Lycan,16,3,29,104608913
55,7304937995,Radiant,Yes,41 мин,teo,Night Stalker,6,8,26,110621494
55,7304937995,Radiant,Yes,41 мин,ластхит по перхоти,Disruptor,3,4,45,207865369
55,7304937995,Radiant,Yes,41 мин,GOD OF DOTA,Silencer,17,3,32,141842258
55,7304937995,Dire,No,41 мин,Atzik,Witch Doctor,3,14,11,44019880
55,7304937995,Dire,No,41 мин,Булка с маком,Dawnbreaker,3,14,13,48804856
55,7304937995,Dire,No,41 мин,Snake-Jazzman,Lich,4,15,9,37615683
55,7304937995,Dire,No,41 мин,StrongLeg,Bloodseeker,5,9,4,34226035
55,7304937995,Dire,No,41 мин,_TwoGirls_,Sniper,14,11,4,371248693
56,7304809657,Radiant,Yes,64 мин,Atzik,Jakiro,9,10,39,44019880
56,7304809657,Radiant,Yes,64 мин,StrongLeg,Faceless Void,14,6,30,34226035
56,7304809657,Radiant,Yes,64 мин,Булка с маком,Dawnbreaker,18,12,32,48804856
56,7304809657,Radiant,Yes,64 мин,_TwoGirls_,Ancient Apparition,18,9,30,371248693
56,7304809657,Radiant,Yes,64 мин,Snake-Jazzman,Lich,4,6,32,37615683
56,7304809657,Dire,No,64 мин,WTF,Pudge,5,20,19,230727902
56,7304809657,Dire,No,64 мин,Y O S E N,Outworld Destroyer,20,12,12,104608913
56,7304809657,Dire,No,64 мин,teo,Medusa,3,8,18,110621494
56,7304809657,Dire,No,64 мин,ластхит по перхоти,Warlock,6,10,26,207865369
56,7304809657,Dire,No,64 мин,GOD OF DOTA,Techies,9,14,12,141842258
57,7266615017,Radiant,Yes,71 мин,Y O S E N,Monkey King,22,6,20,104608913
57,7266615017,Radiant,Yes,71 мин,ластхит по перхоти,Undying,7,10,37,207865369
57,7266615017,Radiant,Yes,71 мин,teo,Wraith King,11,5,33,110621494
57,7266615017,Radiant,Yes,71 мин,StrongLeg,Underlord,8,11,37,34226035
57,7266615017,Radiant,Yes,71 мин,Жора Пасатижи,Enchantress,10,10,25,132943958
57,7266615017,Dire,No,71 мин,WTF,Slark,10,8,13,230727902
57,7266615017,Dire,No,71 мин,_TwoGirls_,Lina,12,11,15,371248693
57,7266615017,Dire,No,71 мин,ИМПАКТ ИЗ ТАВЕРНЫ,Rubick,1,15,22,94204864
57,7266615017,Dire,No,71 мин,GOD OF DOTA,Techies,14,9,15,141842258
57,7266615017,Dire,No,71 мин,Булка с маком,Pudge,3,15,17,48804856
58,7263837302,Radiant,No,60 мин,WTF,Pudge,11,12,9,230727902
58,7263837302,Radiant,No,60 мин,_TwoGirls_,Phoenix,17,7,14,371248693
58,7263837302,Radiant,No,60 мин,ИМПАКТ ИЗ ТАВЕРНЫ,Rubick,2,9,26,94204864
58,7263837302,Radiant,No,60 мин,StrongLeg,Phantom Lancer,9,9,8,34226035
58,7263837302,Radiant,No,60 мин,Snake-Jazzman,Lich,2,10,13,37615683
58,7263837302,Dire,Yes,60 мин,Жора Пасатижи,Silencer,8,15,27,132943958
58,7263837302,Dire,Yes,60 мин,ластхит по перхоти,Beastmaster,5,6,26,207865369
58,7263837302,Dire,Yes,60 мин,GOD OF DOTA,Undying,6,9,29,141842258
58,7263837302,Dire,Yes,60 мин,Y O S E N,Puck,10,7,24,104608913
58,7263837302,Dire,Yes,60 мин,teo,Sniper,15,5,23,110621494
59,7262398850,Radiant,No,39 мин,WTF,Lifestealer,9,7,10,230727902
59,7262398850,Radiant,No,39 мин,Булка с маком,Dawnbreaker,5,11,15,48804856
59,7262398850,Radiant,No,39 мин,Железный человек,Queen of Pain,12,9,8,253235627
59,7262398850,Radiant,No,39 мин,GOD OF DOTA,Ancient Apparition,5,11,22,141842258
59,7262398850,Radiant,No,39 мин,ИМПАКТ ИЗ ТАВЕРНЫ,Rubick,2,13,18,94204864
59,7262398850,Dire,Yes,39 мин,ластхит по перхоти,Snapfire,5,6,27,207865369
59,7262398850,Dire,Yes,39 мин,teo,Anti-Mage,10,3,8,110621494
59,7262398850,Dire,Yes,39 мин,Y O S E N,Bloodseeker,14,5,19,104608913
59,7262398850,Dire,Yes,39 мин,StrongLeg,Legion Commander,12,10,29,34226035
59,7262398850,Dire,Yes,39 мин,_TwoGirls_,Disruptor,9,11,32,371248693
61,7262328315,Radiant,No,41 мин,_TwoGirls_,Juggernaut,5,6,8,371248693
61,7262328315,Radiant,No,41 мин,Булка с маком,Pudge,3,12,8,48804856
61,7262328315,Radiant,No,41 мин,teo,Night Stalker,3,7,10,110621494
61,7262328315,Radiant,No,41 мин,Железный человек,Puck,3,9,7,253235627
61,7262328315,Radiant,No,41 мин,StrongLeg,Undying,4,10,9,34226035
61,7262328315,Dire,Yes,41 мин,WTF,Wraith King,4,3,18,230727902
61,7262328315,Dire,Yes,41 мин,ластхит по перхоти,Necrophos,8,6,20,207865369
61,7262328315,Dire,Yes,41 мин,GOD OF DOTA,Mirana,4,4,21,141842258
61,7262328315,Dire,Yes,41 мин,Y O S E N,Outworld Destroyer,20,2,13,104608913
61,7262328315,Dire,Yes,41 мин,ИМПАКТ ИЗ ТАВЕРНЫ,Rubick,6,4,21,94204864
62,7262214096,Radiant,Yes,65 мин,WTF,Pudge,6,15,26,230727902
62,7262214096,Radiant,Yes,65 мин,ИМПАКТ ИЗ ТАВЕРНЫ,Rubick,7,15,23,94204864
62,7262214096,Radiant,Yes,65 мин,ластхит по перхоти,Windranger,11,8,21,207865369
62,7262214096,Radiant,Yes,65 мин,Y O S E N,Slark,18,7,15,104608913
62,7262214096,Radiant,Yes,65 мин,GOD OF DOTA,Spirit Breaker,9,10,27,141842258
62,7262214096,Dire,No,65 мин,teo,Anti-Mage,12,6,23,110621494
62,7262214096,Dire,No,65 мин,_TwoGirls_,Phoenix,14,14,27,371248693
62,7262214096,Dire,No,65 мин,Железный человек,Doom,12,13,24,253235627
62,7262214096,Dire,No,65 мин,StrongLeg,Lich,10,9,34,34226035
62,7262214096,Dire,No,65 мин,Булка с маком,Pugna,7,10,30,48804856
63,7262139561,Radiant,Yes,40 мин,WTF,Phantom Assassin,17,4,8,230727902
63,7262139561,Radiant,Yes,40 мин,Y O S E N,Death Prophet,9,3,18,104608913
63,7262139561,Radiant,Yes,40 мин,ИМПАКТ ИЗ ТАВЕРНЫ,Lich,5,12,15,94204864
63,7262139561,Radiant,Yes,40 мин,ластхит по перхоти,Tidehunter,7,2,24,207865369
63,7262139561,Radiant,Yes,40 мин,GOD OF DOTA,Techies,6,6,17,141842258
63,7262139561,Dire,No,40 мин,teo,Medusa,5,4,10,110621494
63,7262139561,Dire,No,40 мин,StrongLeg,Disruptor,1,12,16,34226035
63,7262139561,Dire,No,40 мин,Булка с маком,Witch Doctor,7,12,13,48804856
63,7262139561,Dire,No,40 мин,Железный человек,Windranger,10,8,7,253235627
63,7262139561,Dire,No,40 мин,_TwoGirls_,Storm Spirit,4,9,7,371248693
64,7258109430,Radiant,No,48 мин,Atzik,Witch Doctor,14,8,8,44019880
64,7258109430,Radiant,No,48 мин,StrongLeg,Legion Commander,10,9,17,34226035
64,7258109430,Radiant,No,48 мин,teo,Leshrac,1,11,11,110621494
64,7258109430,Radiant,No,48 мин,Булка с маком,Pugna,7,12,20,48804856
64,7258109430,Radiant,No,48 мин,WTF,Pudge,7,9,17,230727902
64,7258109430,Dire,Yes,48 мин,_TwoGirls_,Phantom Lancer,20,6,17,371248693
64,7258109430,Dire,Yes,48 мин,Y O S E N,Queen of Pain,11,5,23,104608913
64,7258109430,Dire,Yes,48 мин,CAPITAH CBIH,Kunkka,1,9,24,60333333
64,7258109430,Dire,Yes,48 мин,ИМПАКТ ИЗ ТАВЕРНЫ,Lich,7,18,32,94204864
64,7258109430,Dire,Yes,48 мин,ластхит по перхоти,Windranger,10,3,26,207865369
65,7256882581,Radiant,Yes,34 мин,WTF,Techies,10,5,19,230727902
65,7256882581,Radiant,Yes,34 мин,gin,Mars,12,4,17,1168515991
65,7256882581,Radiant,Yes,34 мин,teo,Ursa,5,2,10,110621494
65,7256882581,Radiant,Yes,34 мин,OUHETTUR,Arc Warden,15,2,21,53849319
65,7256882581,Radiant,Yes,34 мин,StrongLeg,Disruptor,6,6,26,34226035
65,7256882581,Dire,No,34 мин,ИМПАКТ ИЗ ТАВЕРНЫ,Axe,3,10,9,94204864
65,7256882581,Dire,No,34 мин,_TwoGirls_,Outworld Destroyer,7,10,5,371248693
65,7256882581,Dire,No,34 мин,Y O S E N,Phantom Lancer,3,9,3,104608913
65,7256882581,Dire,No,34 мин,Atzik,Ancient Apparition,3,9,13,44019880
65,7256882581,Dire,No,34 мин,ластхит по перхоти,Snapfire,3,11,9,207865369
66,7256821119,Radiant,Yes,39 мин,WTF,Juggernaut,9,4,10,230727902
66,7256821119,Radiant,Yes,39 мин,StrongLeg,Undying,11,2,33,34226035
66,7256821119,Radiant,Yes,39 мин,teo,Night Stalker,11,4,15,110621494
66,7256821119,Radiant,Yes,39 мин,OUHETTUR,Earth Spirit,9,5,25,53849319
66,7256821119,Radiant,Yes,39 мин,gin,Void Spirit,11,3,15,1168515991
66,7256821119,Dire,No,39 мин,Atzik,Witch Doctor,0,15,11,44019880
66,7256821119,Dire,No,39 мин,ИМПАКТ ИЗ ТАВЕРНЫ,Shadow Shaman,1,13,6,94204864
66,7256821119,Dire,No,39 мин,_TwoGirls_,Outworld Destroyer,8,11,4,371248693
66,7256821119,Dire,No,39 мин,ластхит по перхоти,Spirit Breaker,2,6,6,207865369
66,7256821119,Dire,No,39 мин,Y O S E N,Ursa,7,7,7,104608913
67,7255590108,Radiant,No,39 мин,ластхит по перхоти,Primal Beast,9,9,15,207865369
67,7255590108,Radiant,No,39 мин,Atzik,Grimstroke,2,8,14,44019880
67,7255590108,Radiant,No,39 мин,_TwoGirls_,Zeus,10,9,11,371248693
67,7255590108,Radiant,No,39 мин,ИМПАКТ ИЗ ТАВЕРНЫ,Shadow Shaman,0,13,15,94204864
67,7255590108,Radiant,No,39 мин,Y O S E N,Bloodseeker,11,8,8,104608913
67,7255590108,Dire,Yes,39 мин,OUHETTUR,Earth Spirit,4,5,33,53849319
67,7255590108,Dire,Yes,39 мин,StrongLeg,Windranger,9,7,20,34226035
67,7255590108,Dire,Yes,39 мин,Булка с маком,Dawnbreaker,12,10,20,48804856
67,7255590108,Dire,Yes,39 мин,teo,Phantom Lancer,13,4,14,110621494
67,7255590108,Dire,Yes,39 мин,CAPITAH CBIH,Disruptor,7,7,30,60333333
68,7233855652,Radiant,No,45 мин,teo,Templar Assassin,8,9,6,110621494
68,7233855652,Radiant,No,45 мин,ИМПАКТ ИЗ ТАВЕРНЫ,Rubick,5,12,10,94204864
68,7233855652,Radiant,No,45 мин,Atzik,Ancient Apparition,3,12,13,44019880
68,7233855652,Radiant,No,45 мин,StrongLeg,Bloodseeker,7,9,12,34226035
68,7233855652,Radiant,No,45 мин,_TwoGirls_,Legion Commander,6,13,21,371248693
68,7233855652,Dire,Yes,45 мин,WTF,Pudge,10,7,26,230727902
68,7233855652,Dire,Yes,45 мин,Snake-Jazzman,Lich,3,11,22,37615683
68,7233855652,Dire,Yes,45 мин,Булка с маком,Pugna,14,4,31,48804856
68,7233855652,Dire,Yes,45 мин,ластхит по перхоти,Centaur Warrunner,9,7,30,207865369
68,7233855652,Dire,Yes,45 мин,Y O S E N,Spectre,19,1,24,104608913
69,7233807038,Radiant,No,41 мин,WTF,Pudge,4,9,14,230727902
69,7233807038,Radiant,No,41 мин,Булка с маком,Kunkka,4,9,9,48804856
69,7233807038,Radiant,No,41 мин,Y O S E N,Drow Ranger,13,3,6,104608913
69,7233807038,Radiant,No,41 мин,ластхит по перхоти,Spirit Breaker,4,5,13,207865369
69,7233807038,Radiant,No,41 мин,Snake-Jazzman,Lich,2,7,15,37615683
69,7233807038,Dire,Yes,41 мин,Atzik,Ancient Apparition,1,6,25,44019880
69,7233807038,Dire,Yes,41 мин,teo,Razor,8,7,12,110621494
69,7233807038,Dire,Yes,41 мин,StrongLeg,Juggernaut,17,1,11,34226035
69,7233807038,Dire,Yes,41 мин,_TwoGirls_,Omniknight,5,10,14,371248693
69,7233807038,Dire,Yes,41 мин,ИМПАКТ ИЗ ТАВЕРНЫ,Rubick,1,4,18,94204864
70,7233765171,Radiant,Yes,29 мин,WTF,Pudge,11,3,28,230727902
70,7233765171,Radiant,Yes,29 мин,Булка с маком,Pugna,17,5,28,48804856
70,7233765171,Radiant,Yes,29 мин,ластхит по перхоти,Spirit Breaker,11,4,25,207865369
70,7233765171,Radiant,Yes,29 мин,Snake-Jazzman,Lich,5,4,27,37615683
70,7233765171,Radiant,Yes,29 мин,Y O S E N,Wraith King,16,2,23,104608913
70,7233765171,Dire,No,29 мин,_TwoGirls_,Axe,6,14,7,371248693
70,7233765171,Dire,No,29 мин,StrongLeg,Spectre,3,9,10,34226035
70,7233765171,Dire,No,29 мин,teo,Storm Spirit,5,13,8,110621494
70,7233765171,Dire,No,29 мин,ИМПАКТ ИЗ ТАВЕРНЫ,Rubick,1,11,7,94204864
70,7233765171,Dire,No,29 мин,Atzik,Witch Doctor,1,14,7,44019880
71,7232312864,Radiant,Yes,43 мин,WTF,Pudge,16,6,17,230727902
71,7232312864,Radiant,Yes,43 мин,Булка с маком,Pugna,2,6,19,48804856
71,7232312864,Radiant,Yes,43 мин,Atzik,Witch Doctor,10,12,14,44019880
71,7232312864,Radiant,Yes,43 мин,Y O S E N,Juggernaut,14,3,19,104608913
71,7232312864,Radiant,Yes,43 мин,ластхит по перхоти,Centaur Warrunner,10,5,27,207865369
71,7232312864,Dire,No,43 мин,_TwoGirls_,Outworld Destroyer,20,6,1,371248693
71,7232312864,Dire,No,43 мин,Жора Пасатижи,Lich,3,16,16,132943958
71,7232312864,Dire,No,43 мин,ИМПАКТ ИЗ ТАВЕРНЫ,Rubick,2,11,11,94204864
71,7232312864,Dire,No,43 мин,StrongLeg,Pangolier,4,10,15,34226035
71,7232312864,Dire,No,43 мин,teo,Slark,3,10,15,110621494
72,7232274325,Radiant,Yes,30 мин,StrongLeg,Void Spirit,8,3,7,34226035
72,7232274325,Radiant,Yes,30 мин,Жора Пасатижи,Undying,2,4,20,132943958
72,7232274325,Radiant,Yes,30 мин,_TwoGirls_,Primal Beast,5,5,18,371248693
72,7232274325,Radiant,Yes,30 мин,teo,Lone Druid,20,0,5,110621494
72,7232274325,Radiant,Yes,30 мин,ИМПАКТ ИЗ ТАВЕРНЫ,Rubick,4,6,16,94204864
72,7232274325,Dire,No,30 мин,WTF,Faceless Void,4,6,10,230727902
72,7232274325,Dire,No,30 мин,Булка с маком,Pugna,6,11,4,48804856
72,7232274325,Dire,No,30 мин,Atzik,Jakiro,2,8,11,44019880
72,7232274325,Dire,No,30 мин,ластхит по перхоти,Mars,1,5,6,207865369
72,7232274325,Dire,No,30 мин,Y O S E N,Windranger,5,9,5,104608913
73,7232223718,Radiant,No,34 мин,WTF,Phantom Assassin,0,9,6,230727902
73,7232223718,Radiant,No,34 мин,Atzik,Witch Doctor,8,15,5,44019880
73,7232223718,Radiant,No,34 мин,Булка с маком,Dawnbreaker,8,16,9,48804856
73,7232223718,Radiant,No,34 мин,Y O S E N,Leshrac,3,10,9,104608913
73,7232223718,Radiant,No,34 мин,ластхит по перхоти,Techies,5,11,15,207865369
73,7232223718,Dire,Yes,34 мин,Жора Пасатижи,Winter Wyvern,9,0,26,132943958
73,7232223718,Dire,Yes,34 мин,ИМПАКТ ИЗ ТАВЕРНЫ,Rubick,12,5,27,94204864
73,7232223718,Dire,Yes,34 мин,StrongLeg,Spirit Breaker,9,8,27,34226035
73,7232223718,Dire,Yes,34 мин,_TwoGirls_,Phoenix,19,8,31,371248693
73,7232223718,Dire,Yes,34 мин,teo,Phantom Lancer,12,3,8,110621494
74,7232221708,Radiant,Yes,0 мин,WTF,Hero_0,0,0,0,230727902
74,7232221708,Radiant,Yes,0 мин,Atzik,Hero_0,0,0,0,44019880
74,7232221708,Radiant,Yes,0 мин,Булка с маком,Hero_0,0,0,0,48804856
74,7232221708,Radiant,Yes,0 мин,Y O S E N,Hero_0,0,0,0,104608913
74,7232221708,Radiant,Yes,0 мин,ластхит по перхоти,Hero_0,0,0,0,207865369
74,7232221708,Dire,No,0 мин,Жора Пасатижи,Hero_0,0,0,0,132943958
74,7232221708,Dire,No,0 мин,teo,Hero_0,0,0,0,110621494
74,7232221708,Dire,No,0 мин,StrongLeg,Hero_0,0,0,0,34226035
74,7232221708,Dire,No,0 мин,ИМПАКТ ИЗ ТАВЕРНЫ,Hero_0,0,0,0,94204864
74,7232221708,Dire,No,0 мин,_TwoGirls_,Hero_0,0,0,0,371248693
75,6868113146,Radiant,Yes,61 мин,Хоссср,Phantom Assassin,19,10,22,35394283
75,6868113146,Radiant,Yes,61 мин,Dark Prince,Morphling,15,11,23,290899434
75,6868113146,Radiant,Yes,61 мин,Atzik,Witch Doctor,15,13,25,44019880
75,6868113146,Radiant,Yes,61 мин,dezzzla,Bristleback,3,12,37,195657222
75,6868113146,Radiant,Yes,61 мин,Boos1k,Pudge,11,11,18,222691357
75,6868113146,Dire,No,61 мин,ластхит по перхоти,Luna,6,16,25,207865369
75,6868113146,Dire,No,61 мин,Y O S E N,Leshrac,8,7,20,104608913
75,6868113146,Dire,No,61 мин,Snake-Jazzman,Lich,4,12,38,37615683
75,6868113146,Dire,No,61 мин,shakhbanova zeinab,Undying,8,18,30,1019477814
75,6868113146,Dire,No,61 мин,StrongLeg,Snapfire,29,11,14,34226035
76,6850917166,Radiant,No,51 мин,_TwoGirls_,Morphling,21,9,12,371248693
76,6850917166,Radiant,No,51 мин,Булка с маком,Pugna,10,14,25,48804856
76,6850917166,Radiant,No,51 мин,Dark Prince,Earth Spirit,14,15,21,290899434
76,6850917166,Radiant,No,51 мин,Snake-Jazzman,Lich,7,9,28,37615683
76,6850917166,Radiant,No,51 мин,Satan ⸸,Pudge,9,15,13,66850034
76,6850917166,Dire,Yes,51 мин,dezzzla,Invoker,6,10,30,195657222
76,6850917166,Dire,Yes,51 мин,Sphinx,Tiny,14,9,14,199157120
76,6850917166,Dire,Yes,51 мин,Atzik,Witch Doctor,15,20,21,44019880
76,6850917166,Dire,Yes,51 мин,Хоссср,Slark,19,10,15,35394283
76,6850917166,Dire,Yes,51 мин,StrongLeg,Snapfire,6,12,29,34226035
78,6795414805,Radiant,No,61 мин,Dark Prince,Void Spirit,6,9,22,290899434
78,6795414805,Radiant,No,61 мин,Жора Пасатижи,Undying,10,6,25,132943958
78,6795414805,Radiant,No,61 мин,Atzik,Witch Doctor,6,21,23,44019880
78,6795414805,Radiant,No,61 мин,OUHETTUR,Juggernaut,18,9,13,53849319
78,6795414805,Radiant,No,61 мин,StrongLeg,Vengeful Spirit,8,15,29,34226035
78,6795414805,Dire,Yes,61 мин,teo,Axe,18,12,22,110621494
78,6795414805,Dire,Yes,61 мин,Хоссср,Silencer,11,16,28,35394283
78,6795414805,Dire,Yes,61 мин,_TwoGirls_,Terrorblade,7,9,13,371248693
78,6795414805,Dire,Yes,61 мин,ластхит по перхоти,Hoodwink,8,10,24,207865369
78,6795414805,Dire,Yes,61 мин,Y O S E N,Death Prophet,14,3,22,104608913
79,6795368217,Radiant,Yes,34 мин,Жора Пасатижи,Tidehunter,4,7,22,132943958
79,6795368217,Radiant,Yes,34 мин,StrongLeg,Gyrocopter,5,7,17,34226035
79,6795368217,Radiant,Yes,34 мин,OUHETTUR,Arc Warden,9,5,17,53849319
79,6795368217,Radiant,Yes,34 мин,Atzik,Jakiro,5,13,16,44019880
79,6795368217,Radiant,Yes,34 мин,Dark Prince,Ember Spirit,17,10,19,290899434
79,6795368217,Dire,No,34 мин,Хоссср,Witch Doctor,6,12,10,35394283
79,6795368217,Dire,No,34 мин,ластхит по перхоти,Snapfire,9,9,18,207865369
79,6795368217,Dire,No,34 мин,Y O S E N,Lifestealer,6,5,6,104608913
79,6795368217,Dire,No,34 мин,_TwoGirls_,Storm Spirit,8,10,7,371248693
79,6795368217,Dire,No,34 мин,teo,Night Stalker,11,8,15,110621494
80,6793800180,Radiant,No,30 мин,Хоссср,Shadow Fiend,8,6,6,35394283
80,6793800180,Radiant,No,30 мин,.,Bristleback,4,8,7,1218083664
80,6793800180,Radiant,No,30 мин,Atzik,Shadow Shaman,3,13,12,44019880
80,6793800180,Radiant,No,30 мин,Duck Vader,Bounty Hunter,3,6,9,156524895
80,6793800180,Radiant,No,30 мин,StrongLeg,Razor,0,10,11,34226035
80,6793800180,Dire,Yes,30 мин,Snake-Jazzman,Lich,3,6,22,37615683
80,6793800180,Dire,Yes,30 мин,teo,Drow Ranger,6,3,9,110621494
80,6793800180,Dire,Yes,30 мин,ластхит по перхоти,Snapfire,13,2,17,207865369
80,6793800180,Dire,Yes,30 мин,OUHETTUR,Viper,11,5,18,53849319
80,6793800180,Dire,Yes,30 мин,Жора Пасатижи,Undying,10,4,23,132943958
82,6793727907,Radiant,Yes,33 мин,Atzik,Ogre Magi,0,2,12,44019880
82,6793727907,Radiant,Yes,33 мин,StrongLeg,Drow Ranger,9,2,7,34226035
82,6793727907,Radiant,Yes,33 мин,Жора Пасатижи,Zeus,6,2,13,132943958
82,6793727907,Radiant,Yes,33 мин,ластхит по перхоти,Mirana,10,3,17,207865369
82,6793727907,Radiant,Yes,33 мин,teo,Night Stalker,11,3,17,110621494
82,6793727907,Dire,No,33 мин,Хоссср,Faceless Void,2,9,4,35394283
82,6793727907,Dire,No,33 мин,Duck Vader,Lion,2,8,6,156524895
82,6793727907,Dire,No,33 мин,OUHETTUR,Legion Commander,2,6,9,53849319
82,6793727907,Dire,No,33 мин,.,Tidehunter,1,2,7,1218083664
82,6793727907,Dire,No,33 мин,Snake-Jazzman,Lich,4,11,5,37615683
83,6793698068,Radiant,Yes,10 мин,Balagur,Weaver,4,5,23,88192335
83,6793698068,Radiant,Yes,10 мин,Atzik,Witch Doctor,6,16,24,44019880
83,6793698068,Radiant,Yes,10 мин,Хоссср,Shadow Fiend,10,16,38,35394283
83,6793698068,Radiant,Yes,10 мин,StrongLeg,Tiny,8,11,12,34226035
83,6793698068,Radiant,Yes,10 мин,Жора Пасатижи,Zeus,13,11,48,132943958
83,6793698068,Dire,No,10 мин,ластхит по перхоти,Marci,8,21,20,207865369
83,6793698068,Dire,No,10 мин,Даниил PRO,Phantom Lancer,22,3,34,387610054
83,6793698068,Dire,No,10 мин,пабу,Snapfire,32,8,40,255474044
83,6793698068,Dire,No,10 мин,Kratos,Sven,9,15,13,882214734
83,6793698068,Dire,No,10 мин,Turbo,Gyrocopter,12,18,31,369179911
84,6790715358,Radiant,No,62 мин,Хоссср,Lina,19,12,6,35394283
84,6790715358,Radiant,No,62 мин,StrongLeg,Mars,6,6,21,34226035
84,6790715358,Radiant,No,62 мин,teo,Drow Ranger,6,8,13,110621494
84,6790715358,Radiant,No,62 мин,Snake-Jazzman,Lich,4,17,11,37615683
84,6790715358,Radiant,No,62 мин,Boos1k,Pudge,4,14,16,222691357
84,6790715358,Dire,Yes,62 мин,OUHETTUR,Zeus,10,5,33,53849319
84,6790715358,Dire,Yes,62 мин,Y O S E N,Sniper,15,9,18,104608913
84,6790715358,Dire,Yes,62 мин,ластхит по перхоти,Hoodwink,6,7,38,207865369
84,6790715358,Dire,Yes,62 мин,Булка с маком,Kunkka,13,8,27,48804856
84,6790715358,Dire,Yes,62 мин,Atzik,Witch Doctor,13,11,23,44019880
85,6787600955,Radiant,Yes,54 мин,StrongLeg,Chaos Knight,19,8,14,34226035
85,6787600955,Radiant,Yes,54 мин,teo,Night Stalker,7,9,20,110621494
85,6787600955,Radiant,Yes,54 мин,Snake-Jazzman,Lich,3,5,27,37615683
85,6787600955,Radiant,Yes,54 мин,Y O S E N,Death Prophet,12,5,21,104608913
85,6787600955,Radiant,Yes,54 мин,ластхит по перхоти,Snapfire,12,2,23,207865369
85,6787600955,Dire,No,54 мин,Жора Пасатижи,Ancient Apparition,6,6,12,132943958
85,6787600955,Dire,No,54 мин,Atzik,Tidehunter,2,11,14,44019880
85,6787600955,Dire,No,54 мин,Хоссср,Phantom Assassin,11,12,11,35394283
85,6787600955,Dire,No,54 мин,Vicont,Shadow Shaman,3,13,13,244273380
85,6787600955,Dire,No,54 мин,Duck Vader,Ogre Magi,3,11,14,156524895
86,6787502671,Radiant,No,45 мин,Хоссср,Pudge,8,11,11,35394283
86,6787502671,Radiant,No,45 мин,Жора Пасатижи,Batrider,10,8,8,132943958
86,6787502671,Radiant,No,45 мин,Atzik,Jakiro,5,8,14,44019880
86,6787502671,Radiant,No,45 мин,Duck Vader,Bristleback,2,8,12,156524895
86,6787502671,Radiant,No,45 мин,Vicont,Disruptor,4,12,16,244273380
86,6787502671,Dire,Yes,45 мин,Y O S E N,Razor,13,5,19,104608913
86,6787502671,Dire,Yes,45 мин,ластхит по перхоти,Hoodwink,8,5,26,207865369
86,6787502671,Dire,Yes,45 мин,teo,Lifestealer,14,5,14,110621494
86,6787502671,Dire,Yes,45 мин,Snake-Jazzman,Lich,4,10,15,37615683
86,6787502671,Dire,Yes,45 мин,StrongLeg,Kunkka,8,7,25,34226035
87,6785944838,Radiant,No,54 мин,StrongLeg,Pangolier,8,8,23,34226035
87,6785944838,Radiant,No,54 мин,Snake-Jazzman,Lich,5,14,16,37615683
87,6785944838,Radiant,No,54 мин,teo,Monkey King,16,12,13,110621494
87,6785944838,Radiant,No,54 мин,Blessed,Shadow Fiend,15,11,16,1051278052
87,6785944838,Radiant,No,54 мин,PISYA,Shadow Shaman,5,20,13,900250698
87,6785944838,Dire,Yes,54 мин,Хоссср,Drow Ranger,21,8,21,35394283
87,6785944838,Dire,Yes,54 мин,Atzik,Witch Doctor,14,15,24,44019880
87,6785944838,Dire,Yes,54 мин,ластхит по перхоти,Hoodwink,7,6,32,207865369
87,6785944838,Dire,Yes,54 мин,Y O S E N,Queen of Pain,16,3,30,104608913
87,6785944838,Dire,Yes,54 мин,Булка с маком,Dawnbreaker,6,17,24,48804856
88,6785874242,Radiant,No,43 мин,Atzik,Jakiro,2,15,26,44019880
88,6785874242,Radiant,No,43 мин,StrongLeg,Drow Ranger,17,8,17,34226035
88,6785874242,Radiant,No,43 мин,ластхит по перхоти,Gyrocopter,7,13,19,207865369
88,6785874242,Radiant,No,43 мин,Y O S E N,Death Prophet,11,9,13,104608913
88,6785874242,Radiant,No,43 мин,АХМАТ ЛОВКОСТЬ,Pudge,7,11,6,255351891
88,6785874242,Dire,Yes,43 мин,Хоссср,Witch Doctor,21,7,13,35394283
88,6785874242,Dire,Yes,43 мин,Snake-Jazzman,Lich,5,17,26,37615683
88,6785874242,Dire,Yes,43 мин,teo,Bristleback,9,12,19,110621494
88,6785874242,Dire,Yes,43 мин,Булка с маком,Pugna,9,7,21,48804856
88,6785874242,Dire,Yes,43 мин,Blessed,Lifestealer,12,2,16,1051278052
89,6776514176,Radiant,No,56 мин,StrongLeg,Slardar,9,15,26,34226035
89,6776514176,Radiant,No,56 мин,teo,Drow Ranger,18,9,20,110621494
89,6776514176,Radiant,No,56 мин,Lord Finger,Zeus,8,9,24,94001827
89,6776514176,Radiant,No,56 мин,Y O S E N,Viper,13,14,17,104608913
89,6776514176,Radiant,No,56 мин,ластхит по перхоти,Hoodwink,12,12,27,207865369
89,6776514176,Dire,Yes,56 мин,Хоссср,Faceless Void,14,8,14,35394283
89,6776514176,Dire,Yes,56 мин,Жора Пасатижи,Chen,4,15,33,132943958
89,6776514176,Dire,Yes,56 мин,_TwoGirls_,Skywrath Mage,20,10,21,371248693
89,6776514176,Dire,Yes,56 мин,Atzik,Witch Doctor,7,13,19,44019880
89,6776514176,Dire,Yes,56 мин,ИМПАКТ ИЗ ТАВЕРНЫ,Axe,13,14,18,94204864
90,6776393971,Radiant,Yes,51 мин,Хоссср,Enigma,5,6,20,35394283
90,6776393971,Radiant,Yes,51 мин,_TwoGirls_,Storm Spirit,14,6,16,371248693
90,6776393971,Radiant,Yes,51 мин,teo,Lone Druid,11,8,20,110621494
90,6776393971,Radiant,Yes,51 мин,Жора Пасатижи,Earthshaker,9,10,21,132943958
90,6776393971,Radiant,Yes,51 мин,Atzik,Witch Doctor,9,7,19,44019880
90,6776393971,Dire,No,51 мин,.,Bloodseeker,9,10,8,1218083664
90,6776393971,Dire,No,51 мин,ИМПАКТ ИЗ ТАВЕРНЫ,Rubick,6,15,17,94204864
90,6776393971,Dire,No,51 мин,StrongLeg,Tidehunter,6,6,20,34226035
90,6776393971,Dire,No,51 мин,Y O S E N,Shadow Fiend,9,9,11,104608913
90,6776393971,Dire,No,51 мин,ластхит по перхоти,Gyrocopter,7,9,13,207865369
91,6776291692,Radiant,No,37 мин,Хоссср,Ursa,8,11,3,35394283
91,6776291692,Radiant,No,37 мин,Atzik,Witch Doctor,5,12,7,44019880
91,6776291692,Radiant,No,37 мин,teo,Dawnbreaker,3,13,12,110621494
91,6776291692,Radiant,No,37 мин,Жора Пасатижи,Jakiro,6,8,13,132943958
91,6776291692,Radiant,No,37 мин,_TwoGirls_,Outworld Destroyer,3,8,5,371248693
91,6776291692,Dire,Yes,37 мин,StrongLeg,Undying,10,5,28,34226035
91,6776291692,Dire,Yes,37 мин,Y O S E N,Death Prophet,23,1,16,104608913
91,6776291692,Dire,Yes,37 мин,.,Sven,10,3,22,1218083664
91,6776291692,Dire,Yes,37 мин,ластхит по перхоти,Gyrocopter,5,10,22,207865369
91,6776291692,Dire,Yes,37 мин,ИМПАКТ ИЗ ТАВЕРНЫ,Rubick,4,8,25,94204864
92,6774769290,Radiant,No,41 мин,Хоссср,Sniper,13,10,14,35394283
92,6774769290,Radiant,No,41 мин,ИМПАКТ ИЗ ТАВЕРНЫ,Rubick,1,13,16,94204864
92,6774769290,Radiant,No,41 мин,StrongLeg,Razor,18,12,16,34226035
92,6774769290,Radiant,No,41 мин,teo,Winter Wyvern,4,13,16,110621494
92,6774769290,Radiant,No,41 мин,Lord Finger,Tidehunter,2,16,17,94001827
92,6774769290,Dire,Yes,41 мин,Y O S E N,Bloodseeker,17,10,26,104608913
92,6774769290,Dire,Yes,41 мин,_TwoGirls_,Pudge,32,5,26,371248693
92,6774769290,Dire,Yes,41 мин,люблю худых,Io,4,5,40,212155110
92,6774769290,Dire,Yes,41 мин,ластхит по перхоти,Mars,3,8,28,207865369
92,6774769290,Dire,Yes,41 мин,Snake-Jazzman,Lich,8,13,28,37615683
94,6451710192,Radiant,No,29 мин,teo,Silencer,8,10,10,110621494
94,6451710192,Radiant,No,29 мин,Duck Vader,Tinker,3,11,12,156524895
94,6451710192,Radiant,No,29 мин,dezzzla,Pudge,9,10,8,195657222
94,6451710192,Radiant,No,29 мин,shakhbanova zeinab,Brewmaster,1,9,7,1019477814
94,6451710192,Radiant,No,29 мин,Samuray,Riki,6,9,8,906176011
94,6451710192,Dire,Yes,29 мин,Snake-Jazzman,Shadow Shaman,6,9,19,37615683
94,6451710192,Dire,Yes,29 мин,Булка с маком,Pugna,9,7,20,48804856
94,6451710192,Dire,Yes,29 мин,WTF,Juggernaut,17,7,10,230727902
94,6451710192,Dire,Yes,29 мин,StrongLeg,Spirit Breaker,8,7,18,34226035
94,6451710192,Dire,Yes,29 мин,Boos1k,Grimstroke,7,0,20,222691357
96,6425327349,Radiant,No,45 мин,Булка с маком,Pudge,7,17,17,48804856
96,6425327349,Radiant,No,45 мин,OUHETTUR,Dragon Knight,4,6,6,53849319
96,6425327349,Radiant,No,45 мин,Danny Lee,Spirit Breaker,4,12,11,121593086
96,6425327349,Radiant,No,45 мин,Boos1k,Phantom Assassin,9,9,4,222691357
96,6425327349,Radiant,No,45 мин,Duck Vader,Lich,5,9,13,156524895
96,6425327349,Dire,Yes,45 мин,teo,Night Stalker,6,6,24,110621494
96,6425327349,Dire,Yes,45 мин,Atzik,Slardar,6,5,20,44019880
96,6425327349,Dire,Yes,45 мин,Snake-Jazzman,Shadow Shaman,3,11,16,37615683
96,6425327349,Dire,Yes,45 мин,StrongLeg,Windranger,18,3,21,34226035
96,6425327349,Dire,Yes,45 мин,Хоссср,Earthshaker,20,4,16,35394283
98,6406609147,Radiant,No,34 мин,Duck Vader,Silencer,6,12,9,156524895
98,6406609147,Radiant,No,34 мин,Snake-Jazzman,Shadow Shaman,3,17,8,37615683
98,6406609147,Radiant,No,34 мин,Y O S E N,Windranger,2,11,10,104608913
98,6406609147,Radiant,No,34 мин,ластхит по перхоти,Hoodwink,5,8,11,207865369
98,6406609147,Radiant,No,34 мин,Жора Пасатижи,Lifestealer,5,8,5,132943958
98,6406609147,Dire,Yes,34 мин,Хоссср,Phantom Assassin,19,7,14,35394283
98,6406609147,Dire,Yes,34 мин,Atzik,Witch Doctor,3,6,19,44019880
98,6406609147,Dire,Yes,34 мин,Булка с маком,Pugna,14,5,26,48804856
98,6406609147,Dire,Yes,34 мин,StrongLeg,Razor,11,4,17,34226035
98,6406609147,Dire,Yes,34 мин,teo,Enchantress,8,1,23,110621494
99,6402923892,Radiant,Yes,35 мин,Danny Lee,Troll Warlord,13,8,13,121593086
99,6402923892,Radiant,Yes,35 мин,OUHETTUR,Nature's Prophet,14,5,15,53849319
99,6402923892,Radiant,Yes,35 мин,Snake-Jazzman,Shadow Shaman,4,13,16,37615683
99,6402923892,Radiant,Yes,35 мин,Булка с маком,Pugna,6,6,13,48804856
99,6402923892,Radiant,Yes,35 мин,StrongLeg,Mars,1,5,12,34226035
99,6402923892,Dire,No,35 мин,Хоссср,Enigma,6,7,11,35394283
99,6402923892,Dire,No,35 мин,Y O S E N,Storm Spirit,11,6,9,104608913
99,6402923892,Dire,No,35 мин,Бомбическая 4ка,Lifestealer,2,8,12,932262749
99,6402923892,Dire,No,35 мин,teo,Silencer,15,7,13,110621494
99,6402923892,Dire,No,35 мин,Жора Пасатижи,Tidehunter,3,12,16,132943958
100,6402855231,Radiant,No,43 мин,OUHETTUR,Luna,6,10,5,53849319
100,6402855231,Radiant,No,43 мин,Snake-Jazzman,Earthshaker,4,18,8,37615683
100,6402855231,Radiant,No,43 мин,Danny Lee,Snapfire,8,11,9,121593086
100,6402855231,Radiant,No,43 мин,teo,Alchemist,3,16,11,110621494
100,6402855231,Radiant,No,43 мин,Бомбическая 4ка,Phoenix,3,10,14,932262749
100,6402855231,Dire,Yes,43 мин,Хоссср,Nyx Assassin,12,3,23,35394283
100,6402855231,Dire,Yes,43 мин,Булка с маком,Spectre,10,7,26,48804856
100,6402855231,Dire,Yes,43 мин,Жора Пасатижи,Bounty Hunter,16,6,23,132943958
100,6402855231,Dire,Yes,43 мин,StrongLeg,Shadow Demon,4,9,27,34226035
100,6402855231,Dire,Yes,43 мин,Y O S E N,Zeus,23,1,26,104608913
101,6399359178,Radiant,Yes,49 мин,Хоссср,Night Stalker,14,9,16,35394283
101,6399359178,Radiant,Yes,49 мин,StrongLeg,Sven,8,4,33,34226035
101,6399359178,Radiant,Yes,49 мин,Atzik,Lina,4,6,14,44019880
101,6399359178,Radiant,Yes,49 мин,Жора Пасатижи,Batrider,6,5,30,132943958
101,6399359178,Radiant,Yes,49 мин,Y O S E N,Templar Assassin,26,3,18,104608913
101,6399359178,Dire,No,49 мин,Duck Vader,Io,2,15,16,156524895
101,6399359178,Dire,No,49 мин,OUHETTUR,Spectre,8,6,13,53849319
101,6399359178,Dire,No,49 мин,Danny Lee,Pugna,6,9,12,121593086
101,6399359178,Dire,No,49 мин,Булка с маком,Tiny,5,13,8,48804856
101,6399359178,Dire,No,49 мин,Бомбическая 4ка,Nature's Prophet,5,16,10,932262749
102,6399305496,Radiant,No,37 мин,Atzik,Witch Doctor,2,13,10,44019880
102,6399305496,Radiant,No,37 мин,Danny Lee,Invoker,11,1,13,121593086
102,6399305496,Radiant,No,37 мин,Булка с маком,Viper,6,16,14,48804856
102,6399305496,Radiant,No,37 мин,Жора Пасатижи,Medusa,3,5,10,132943958
102,6399305496,Radiant,No,37 мин,StrongLeg,Tidehunter,5,8,17,34226035
102,6399305496,Dire,Yes,37 мин,Хоссср,Ogre Magi,4,6,12,35394283
102,6399305496,Dire,Yes,37 мин,OUHETTUR,Arc Warden,18,2,7,53849319
102,6399305496,Dire,Yes,37 мин,Duck Vader,Elder Titan,3,7,13,156524895
102,6399305496,Dire,Yes,37 мин,Бомбическая 4ка,Pudge,4,10,18,932262749
102,6399305496,Dire,Yes,37 мин,Y O S E N,Juggernaut,13,4,6,104608913
103,6399259377,Radiant,Yes,26 мин,Хоссср,Earthshaker,12,4,14,35394283
103,6399259377,Radiant,Yes,26 мин,OUHETTUR,Dragon Knight,6,1,6,53849319
103,6399259377,Radiant,Yes,26 мин,Булка с маком,Pugna,10,6,20,48804856
103,6399259377,Radiant,Yes,26 мин,Atzik,Witch Doctor,4,5,13,44019880
103,6399259377,Radiant,Yes,26 мин,Danny Lee,Bloodseeker,5,3,14,121593086
103,6399259377,Dire,No,26 мин,StrongLeg,Clinkz,4,6,5,34226035
103,6399259377,Dire,No,26 мин,Duck Vader,Ancient Apparition,4,10,7,156524895
103,6399259377,Dire,No,26 мин,Жора Пасатижи,Viper,6,11,4,132943958
103,6399259377,Dire,No,26 мин,Бомбическая 4ка,Lifestealer,0,3,3,932262749
103,6399259377,Dire,No,26 мин,Y O S E N,Puck,3,7,7,104608913
104,6392188138,Radiant,Yes,36 мин,Хоссср,Techies,9,3,22,35394283
104,6392188138,Radiant,Yes,36 мин,OUHETTUR,Legion Commander,12,6,16,53849319
104,6392188138,Radiant,Yes,36 мин,Danny Lee,Monkey King,8,6,16,121593086
104,6392188138,Radiant,Yes,36 мин,Булка с маком,Pudge,16,7,22,48804856
104,6392188138,Radiant,Yes,36 мин,Atzik,Witch Doctor,5,6,16,44019880
104,6392188138,Dire,No,36 мин,Duck Vader,Bounty Hunter,3,13,10,156524895
104,6392188138,Dire,No,36 мин,teo,Dragon Knight,5,8,10,110621494
104,6392188138,Dire,No,36 мин,StrongLeg,Abaddon,1,11,6,34226035
104,6392188138,Dire,No,36 мин,Жора Пасатижи,Brewmaster,9,9,9,132943958
104,6392188138,Dire,No,36 мин,Бомбическая 4ка,Earthshaker,8,12,12,932262749
105,6392097098,Radiant,No,33 мин,Duck Vader,Disruptor,5,9,12,156524895
105,6392097098,Radiant,No,33 мин,teo,Silencer,3,14,11,110621494
105,6392097098,Radiant,No,33 мин,StrongLeg,Legion Commander,7,8,10,34226035
105,6392097098,Radiant,No,33 мин,Жора Пасатижи,Pugna,3,7,19,132943958
105,6392097098,Radiant,No,33 мин,Y O S E N,Gyrocopter,6,7,11,104608913
105,6392097098,Dire,Yes,33 мин,Хоссср,Pudge,10,8,17,35394283
105,6392097098,Dire,Yes,33 мин,Булка с маком,Lion,4,9,18,48804856
105,6392097098,Dire,Yes,33 мин,Danny Lee,Slark,16,2,13,121593086
105,6392097098,Dire,Yes,33 мин,OUHETTUR,Arc Warden,14,1,11,53849319
105,6392097098,Dire,Yes,33 мин,Atzik,Witch Doctor,1,6,23,44019880
106,6392043484,Radiant,No,31 мин,Duck Vader,Lion,2,10,4,156524895
106,6392043484,Radiant,No,31 мин,Жора Пасатижи,Dawnbreaker,8,12,8,132943958
106,6392043484,Radiant,No,31 мин,Danny Lee,Tinker,2,8,5,121593086
106,6392043484,Radiant,No,31 мин,Atzik,Witch Doctor,7,13,9,44019880
106,6392043484,Radiant,No,31 мин,Y O S E N,Morphling,1,3,3,104608913
106,6392043484,Dire,Yes,31 мин,Хоссср,Riki,11,7,17,35394283
106,6392043484,Dire,Yes,31 мин,Булка с маком,Crystal Maiden,12,8,22,48804856
106,6392043484,Dire,Yes,31 мин,teo,Lina,8,4,21,110621494
106,6392043484,Dire,Yes,31 мин,StrongLeg,Kunkka,3,1,18,34226035
106,6392043484,Dire,Yes,31 мин,OUHETTUR,Warlock,9,1,16,53849319
107,6391970994,Radiant,Yes,36 мин,Жора Пасатижи,Death Prophet,4,7,18,132943958
107,6391970994,Radiant,Yes,36 мин,StrongLeg,Pangolier,12,3,14,34226035
107,6391970994,Radiant,Yes,36 мин,Бомбическая 4ка,Pudge,8,9,15,932262749
107,6391970994,Radiant,Yes,36 мин,Y O S E N,Juggernaut,12,1,13,104608913
107,6391970994,Radiant,Yes,36 мин,teo,Silencer,9,4,22,110621494
107,6391970994,Dire,No,36 мин,Хоссср,Tidehunter,4,11,8,35394283
107,6391970994,Dire,No,36 мин,Duck Vader,Witch Doctor,2,9,10,156524895
107,6391970994,Dire,No,36 мин,Булка с маком,Pugna,6,13,10,48804856
107,6391970994,Dire,No,36 мин,Danny Lee,Shadow Fiend,4,9,9,121593086
107,6391970994,Dire,No,36 мин,OUHETTUR,Outworld Destroyer,7,4,7,53849319
108,6390080429,Radiant,Yes,37 мин,Хоссср,Tidehunter,5,4,8,35394283
108,6390080429,Radiant,Yes,37 мин,Snake-Jazzman,Shadow Shaman,1,14,15,37615683
108,6390080429,Radiant,Yes,37 мин,StrongLeg,Doom,2,8,9,34226035
108,6390080429,Radiant,Yes,37 мин,Жора Пасатижи,Weaver,13,6,8,132943958
108,6390080429,Radiant,Yes,37 мин,Danny Lee,Shadow Fiend,14,1,5,121593086
108,6390080429,Dire,No,37 мин,Atzik,Witch Doctor,9,5,7,44019880
108,6390080429,Dire,No,37 мин,Булка с маком,Crystal Maiden,4,13,11,48804856
108,6390080429,Dire,No,37 мин,teo,Dragon Knight,10,8,16,110621494
108,6390080429,Dire,No,37 мин,OUHETTUR,Zeus,1,5,20,53849319
108,6390080429,Dire,No,37 мин,Y O S E N,Morphling,6,4,9,104608913
109,6390035706,Radiant,Yes,25 мин,Atzik,Witch Doctor,5,6,14,44019880
109,6390035706,Radiant,Yes,25 мин,Булка с маком,Lion,2,7,16,48804856
109,6390035706,Radiant,Yes,25 мин,StrongLeg,Centaur Warrunner,8,3,14,34226035
109,6390035706,Radiant,Yes,25 мин,Danny Lee,Sniper,16,2,9,121593086
109,6390035706,Radiant,Yes,25 мин,Y O S E N,Bloodseeker,7,3,9,104608913
109,6390035706,Dire,No,25 мин,Хоссср,Riki,7,8,6,35394283
109,6390035706,Dire,No,25 мин,Snake-Jazzman,Shadow Shaman,3,11,5,37615683
109,6390035706,Dire,No,25 мин,OUHETTUR,Snapfire,3,6,4,53849319
109,6390035706,Dire,No,25 мин,teo,Dazzle,1,6,6,110621494
109,6390035706,Dire,No,25 мин,Жора Пасатижи,Skywrath Mage,6,7,5,132943958
110,6388237039,Radiant,Yes,42 мин,Хоссср,Enigma,8,6,16,35394283
110,6388237039,Radiant,Yes,42 мин,Snake-Jazzman,Shadow Shaman,2,15,7,37615683
110,6388237039,Radiant,Yes,42 мин,Жора Пасатижи,Terrorblade,8,2,12,132943958
110,6388237039,Radiant,Yes,42 мин,Булка с маком,Pugna,11,12,18,48804856
110,6388237039,Radiant,Yes,42 мин,Danny Lee,Tiny,3,6,13,121593086
110,6388237039,Dire,No,42 мин,Atzik,Witch Doctor,10,5,16,44019880
110,6388237039,Dire,No,42 мин,StrongLeg,Kunkka,11,9,15,34226035
110,6388237039,Dire,No,42 мин,Duck Vader,Crystal Maiden,4,6,18,156524895
110,6388237039,Dire,No,42 мин,teo,Dawnbreaker,7,9,25,110621494
110,6388237039,Dire,No,42 мин,OUHETTUR,Wraith King,9,3,13,53849319
111,6388154248,Radiant,Yes,55 мин,Atzik,Witch Doctor,11,15,14,44019880
111,6388154248,Radiant,Yes,55 мин,Duck Vader,Ogre Magi,6,12,24,156524895
111,6388154248,Radiant,Yes,55 мин,StrongLeg,Tidehunter,0,14,29,34226035
111,6388154248,Radiant,Yes,55 мин,OUHETTUR,Arc Warden,16,4,16,53849319
111,6388154248,Radiant,Yes,55 мин,teo,Sniper,20,10,23,110621494
111,6388154248,Dire,No,55 мин,Хоссср,Pudge,7,12,26,35394283
111,6388154248,Dire,No,55 мин,Snake-Jazzman,Shadow Shaman,4,12,15,37615683
111,6388154248,Dire,No,55 мин,Булка с маком,Pugna,7,18,23,48804856
111,6388154248,Dire,No,55 мин,Жора Пасатижи,Snapfire,16,5,13,132943958
111,6388154248,Dire,No,55 мин,Danny Lee,Razor,19,6,17,121593086
112,6386366016,Radiant,Yes,38 мин,Хоссср,Riki,25,5,25,35394283
112,6386366016,Radiant,Yes,38 мин,Snake-Jazzman,Shadow Shaman,4,11,19,37615683
112,6386366016,Radiant,Yes,38 мин,dezzzla,Magnus,8,2,26,195657222
112,6386366016,Radiant,Yes,38 мин,Булка с маком,Pugna,9,8,20,48804856
112,6386366016,Radiant,Yes,38 мин,Жора Пасатижи,Tinker,19,2,24,132943958
112,6386366016,Dire,No,38 мин,Atzik,Witch Doctor,5,13,10,44019880
112,6386366016,Dire,No,38 мин,Boos1k,Pudge,0,18,8,222691357
112,6386366016,Dire,No,38 мин,Бомбическая 4ка,Lifestealer,7,8,3,932262749
112,6386366016,Dire,No,38 мин,teo,Nature's Prophet,4,18,8,110621494
112,6386366016,Dire,No,38 мин,StrongLeg,Clinkz,11,8,6,34226035
117,5651590366,Radiant,Yes,38 мин,Бомбическая 4ка,Pudge,12,12,17,932262749
117,5651590366,Radiant,Yes,38 мин,teo,Legion Commander,6,8,20,110621494
117,5651590366,Radiant,Yes,38 мин,Y O S E N,Anti-Mage,26,0,10,104608913
117,5651590366,Radiant,Yes,38 мин,StrongLeg,Dazzle,6,9,25,34226035
117,5651590366,Radiant,Yes,38 мин,Snake-Jazzman,Ursa,3,9,24,37615683
117,5651590366,Dire,No,38 мин,Булка с маком,Pugna,5,14,14,48804856
117,5651590366,Dire,No,38 мин,Газы Балллон,Bristleback,5,4,18,171474763
117,5651590366,Dire,No,38 мин,Atzik,Witch Doctor,8,14,9,44019880
117,5651590366,Dire,No,38 мин,Acid rain,Ogre Magi,5,10,14,877646010
117,5651590366,Dire,No,38 мин,Хоссср,Phantom Assassin,14,13,10,35394283
118,5651471019,Radiant,Yes,33 мин,teo,Zeus,10,10,19,110621494
118,5651471019,Radiant,Yes,33 мин,StrongLeg,Dragon Knight,7,4,19,34226035
118,5651471019,Radiant,Yes,33 мин,dezzzla,Templar Assassin,7,8,16,195657222
118,5651471019,Radiant,Yes,33 мин,Desert Corn,Dazzle,2,7,15,385245590
118,5651471019,Radiant,Yes,33 мин,Y O S E N,Morphling,20,2,7,104608913
118,5651471019,Dire,No,33 мин,Хоссср,Techies,10,10,9,35394283
118,5651471019,Dire,No,33 мин,Boos1k,Windranger,2,8,6,222691357
118,5651471019,Dire,No,33 мин,Булка с маком,Pugna,15,14,7,48804856
118,5651471019,Dire,No,33 мин,Газы Балллон,Lifestealer,3,7,9,171474763
118,5651471019,Dire,No,33 мин,Atzik,Lion,1,8,7,44019880
119,5380941814,Radiant,No,52 мин,Жора Пасатижи,Necrophos,8,10,12,132943958
119,5380941814,Radiant,No,52 мин,Sonsaky,Lich,3,9,20,67889298
119,5380941814,Radiant,No,52 мин,OUHETTUR,Legion Commander,8,7,16,53849319
119,5380941814,Radiant,No,52 мин,Y O S E N,Gyrocopter,7,5,8,104608913
119,5380941814,Radiant,No,52 мин,Vicont,Lion,2,16,16,244273380
119,5380941814,Dire,Yes,52 мин,StrongLeg,Jakiro,6,5,26,34226035
119,5380941814,Dire,Yes,52 мин,teo,Tidehunter,4,5,18,110621494
119,5380941814,Dire,Yes,52 мин,Хоссср,Pudge,15,7,24,35394283
119,5380941814,Dire,Yes,52 мин,dezzzla,Sniper,17,4,12,195657222
119,5380941814,Dire,Yes,52 мин,Булка с маком,Earthshaker,5,8,19,48804856
120,5380855525,Radiant,Yes,25 мин,Жора Пасатижи,Nature's Prophet,12,5,10,132943958
120,5380855525,Radiant,Yes,25 мин,OUHETTUR,Dragon Knight,6,5,16,53849319
120,5380855525,Radiant,Yes,25 мин,Sonsaky,Lich,3,8,15,67889298
120,5380855525,Radiant,Yes,25 мин,Y O S E N,Lycan,9,3,15,104608913
120,5380855525,Radiant,Yes,25 мин,Vicont,Shadow Shaman,1,10,14,244273380
120,5380855525,Dire,No,25 мин,dezzzla,Invoker,6,5,12,195657222
120,5380855525,Dire,No,25 мин,teo,Bristleback,7,4,18,110621494
120,5380855525,Dire,No,25 мин,StrongLeg,Winter Wyvern,6,8,8,34226035
120,5380855525,Dire,No,25 мин,Хоссср,Phantom Assassin,8,8,13,35394283
120,5380855525,Dire,No,25 мин,Булка с маком,Lion,4,8,12,48804856
121,5378857438,Radiant,No,55 мин,Жора Пасатижи,Viper,3,9,18,132943958
121,5378857438,Radiant,No,55 мин,Sonsaky,Lich,7,12,13,67889298
121,5378857438,Radiant,No,55 мин,OUHETTUR,Wraith King,9,7,15,53849319
121,5378857438,Radiant,No,55 мин,Lawyer,Grimstroke,1,10,20,287854202
121,5378857438,Radiant,No,55 мин,Y O S E N,Outworld Destroyer,11,11,8,104608913
121,5378857438,Dire,Yes,55 мин,dezzzla,Monkey King,17,5,16,195657222
121,5378857438,Dire,Yes,55 мин,teo,Night Stalker,7,7,25,110621494
121,5378857438,Dire,Yes,55 мин,Бомбическая 4ка,Pugna,2,12,24,932262749
121,5378857438,Dire,Yes,55 мин,StrongLeg,Ancient Apparition,8,4,22,34226035
121,5378857438,Dire,Yes,55 мин,Хоссср,Chaos Knight,13,3,14,35394283
122,5378746621,Radiant,No,35 мин,Жора Пасатижи,Disruptor,0,14,9,132943958
122,5378746621,Radiant,No,35 мин,Y O S E N,Axe,1,7,6,104608913
122,5378746621,Radiant,No,35 мин,OUHETTUR,Phantom Lancer,4,4,3,53849319
122,5378746621,Radiant,No,35 мин,Lawyer,Invoker,5,6,3,287854202
122,5378746621,Radiant,No,35 мин,Sonsaky,Oracle,3,11,8,67889298
122,5378746621,Dire,Yes,35 мин,Хоссср,Zeus,7,2,22,35394283
122,5378746621,Dire,Yes,35 мин,dezzzla,Pudge,10,3,19,195657222
122,5378746621,Dire,Yes,35 мин,teo,Tidehunter,7,2,24,110621494
122,5378746621,Dire,Yes,35 мин,StrongLeg,Jakiro,7,3,19,34226035
122,5378746621,Dire,Yes,35 мин,Бомбическая 4ка,Lifestealer,10,4,9,932262749
123,5378643364,Radiant,Yes,26 мин,Жора Пасатижи,Tidehunter,4,4,18,132943958
123,5378643364,Radiant,Yes,26 мин,Y O S E N,Templar Assassin,8,2,6,104608913
123,5378643364,Radiant,Yes,26 мин,Sonsaky,Lich,1,7,12,67889298
123,5378643364,Radiant,Yes,26 мин,Lawyer,Snapfire,8,6,8,287854202
123,5378643364,Radiant,Yes,26 мин,OUHETTUR,Wraith King,6,1,11,53849319
123,5378643364,Dire,No,26 мин,teo,Centaur Warrunner,0,3,6,110621494
123,5378643364,Dire,No,26 мин,dezzzla,Storm Spirit,4,5,3,195657222
123,5378643364,Dire,No,26 мин,Бомбическая 4ка,Rubick,0,8,7,932262749
123,5378643364,Dire,No,26 мин,StrongLeg,Disruptor,0,8,11,34226035
123,5378643364,Dire,No,26 мин,Хоссср,Clinkz,16,5,3,35394283
124,5376835181,Radiant,No,50 мин,Жора Пасатижи,Spectre,5,8,14,132943958
124,5376835181,Radiant,No,50 мин,Бомбическая 4ка,Witch Doctor,3,24,15,932262749
124,5376835181,Radiant,No,50 мин,Y O S E N,Phantom Assassin,15,13,12,104608913
124,5376835181,Radiant,No,50 мин,Vicont,Keeper of the Light,1,17,24,244273380
124,5376835181,Radiant,No,50 мин,дино спамони,Bristleback,9,16,12,182209153
124,5376835181,Dire,Yes,50 мин,teo,Night Stalker,9,6,37,110621494
124,5376835181,Dire,Yes,50 мин,dezzzla,Sniper,38,6,19,195657222
124,5376835181,Dire,Yes,50 мин,StrongLeg,Ancient Apparition,9,8,33,34226035
124,5376835181,Dire,Yes,50 мин,Хоссср,Chaos Knight,18,7,16,35394283
124,5376835181,Dire,Yes,50 мин,Friendly Unit,Venomancer,4,6,20,208410876
125,5376760369,Radiant,No,23 мин,Жора Пасатижи,Bounty Hunter,0,5,2,132943958
125,5376760369,Radiant,No,23 мин,Friendly Unit,Spirit Breaker,0,9,3,208410876
125,5376760369,Radiant,No,23 мин,дино спамони,Phoenix,3,5,0,182209153
125,5376760369,Radiant,No,23 мин,Vicont,Lich,1,9,1,244273380
125,5376760369,Radiant,No,23 мин,Y O S E N,Outworld Destroyer,1,5,0,104608913
125,5376760369,Dire,Yes,23 мин,Хоссср,Ursa,8,1,6,35394283
125,5376760369,Dire,Yes,23 мин,StrongLeg,Grimstroke,5,0,20,34226035
125,5376760369,Dire,Yes,23 мин,teo,Centaur Warrunner,2,1,10,110621494
125,5376760369,Dire,Yes,23 мин,dezzzla,Storm Spirit,10,1,11,195657222
125,5376760369,Dire,Yes,23 мин,Бомбическая 4ка,Rubick,7,2,17,932262749
126,5370947793,Radiant,Yes,32 мин,Жора Пасатижи,Death Prophet,9,4,17,132943958
126,5370947793,Radiant,Yes,32 мин,bl4cky,Bloodseeker,14,5,9,197734210
126,5370947793,Radiant,Yes,32 мин,KiRnyXa,Snapfire,5,11,20,985088428
126,5370947793,Radiant,Yes,32 мин,Vicont,Disruptor,5,8,16,244273380
126,5370947793,Radiant,Yes,32 мин,Y O S E N,Pugna,2,5,12,104608913
126,5370947793,Dire,No,32 мин,Хоссср,Ogre Magi,6,7,11,35394283
126,5370947793,Dire,No,32 мин,StrongLeg,Templar Assassin,9,3,10,34226035
126,5370947793,Dire,No,32 мин,teo,Bristleback,5,9,17,110621494
126,5370947793,Dire,No,32 мин,Бомбическая 4ка,Slark,7,10,7,932262749
126,5370947793,Dire,No,32 мин,Булка с маком,Grimstroke,6,7,18,48804856
127,5370871974,Radiant,Yes,31 мин,Жора Пасатижи,Underlord,5,6,18,132943958
127,5370871974,Radiant,Yes,31 мин,Vicont,Ogre Magi,6,8,14,244273380
127,5370871974,Radiant,Yes,31 мин,Y O S E N,Juggernaut,8,4,9,104608913
127,5370871974,Radiant,Yes,31 мин,bl4cky,Sniper,7,4,9,197734210
127,5370871974,Radiant,Yes,31 мин,KiRnyXa,Snapfire,7,7,9,985088428
127,5370871974,Dire,No,31 мин,StrongLeg,Pangolier,10,6,6,34226035
127,5370871974,Dire,No,31 мин,teo,Wraith King,2,3,11,110621494
127,5370871974,Dire,No,31 мин,Хоссср,Weaver,9,3,6,35394283
127,5370871974,Dire,No,31 мин,Бомбическая 4ка,Grimstroke,1,7,13,932262749
127,5370871974,Dire,No,31 мин,Булка с маком,Lina,5,15,9,48804856
128,5336549254,Radiant,No,49 мин,Жора Пасатижи,Doom,5,8,20,132943958
128,5336549254,Radiant,No,49 мин,leps,Nyx Assassin,8,10,18,235866371
128,5336549254,Radiant,No,49 мин,Vicont,Disruptor,4,16,15,244273380
128,5336549254,Radiant,No,49 мин,Y O S E N,Queen of Pain,10,7,11,104608913
128,5336549254,Radiant,No,49 мин,SOSKA_NERIALKA,Tidehunter,5,6,10,870022587
128,5336549254,Dire,Yes,49 мин,Хоссср,Riki,26,7,10,35394283
128,5336549254,Dire,Yes,49 мин,dezzzla,Outworld Destroyer,11,7,11,195657222
128,5336549254,Dire,Yes,49 мин,StrongLeg,Grimstroke,3,3,28,34226035
128,5336549254,Dire,Yes,49 мин,Булка с маком,Ogre Magi,2,10,24,48804856
128,5336549254,Dire,Yes,49 мин,teo,Bristleback,5,6,24,110621494
129,5336423517,Radiant,No,27 мин,Жора Пасатижи,Vengeful Spirit,6,9,10,132943958
129,5336423517,Radiant,No,27 мин,leps,Slardar,3,9,6,235866371
129,5336423517,Radiant,No,27 мин,Andy WindyHead,Tusk,2,13,8,121607354
129,5336423517,Radiant,No,27 мин,Vicont,Lich,2,14,13,244273380
129,5336423517,Radiant,No,27 мин,Y O S E N,Templar Assassin,7,5,2,104608913
129,5336423517,Dire,Yes,27 мин,Хоссср,Enigma,7,0,23,35394283
129,5336423517,Dire,Yes,27 мин,Булка с маком,Lion,2,9,17,48804856
129,5336423517,Dire,Yes,27 мин,teo,Bristleback,7,5,23,110621494
129,5336423517,Dire,Yes,27 мин,dezzzla,Sniper,22,2,10,195657222
129,5336423517,Dire,Yes,27 мин,StrongLeg,Pangolier,12,5,25,34226035
130,5336273215,Radiant,Yes,44 мин,Жора Пасатижи,Drow Ranger,10,5,8,132943958
130,5336273215,Radiant,Yes,44 мин,Andy WindyHead,Kunkka,2,8,12,121607354
130,5336273215,Radiant,Yes,44 мин,leps,Axe,7,9,8,235866371
130,5336273215,Radiant,Yes,44 мин,Y O S E N,Windranger,14,2,7,104608913
130,5336273215,Radiant,Yes,44 мин,Vicont,Disruptor,3,10,13,244273380
130,5336273215,Dire,No,44 мин,dezzzla,Dragon Knight,10,6,6,195657222
130,5336273215,Dire,No,44 мин,teo,Winter Wyvern,1,8,15,110621494
130,5336273215,Dire,No,44 мин,Хоссср,Huskar,9,9,8,35394283
130,5336273215,Dire,No,44 мин,StrongLeg,Legion Commander,6,4,20,34226035
130,5336273215,Dire,No,44 мин,Булка с маком,Lina,8,9,10,48804856
131,5334150656,Radiant,Yes,33 мин,Жора Пасатижи,Dragon Knight,8,4,8,132943958
131,5334150656,Radiant,Yes,33 мин,Y O S E N,Death Prophet,21,2,12,104608913
131,5334150656,Radiant,Yes,33 мин,Vicont,Shadow Shaman,8,12,22,244273380
131,5334150656,Radiant,Yes,33 мин,Andy WindyHead,Jakiro,4,9,20,121607354
131,5334150656,Radiant,Yes,33 мин,leps,Tidehunter,1,11,25,235866371
131,5334150656,Dire,No,33 мин,StrongLeg,Pangolier,15,7,12,34226035
131,5334150656,Dire,No,33 мин,teo,Crystal Maiden,5,10,18,110621494
131,5334150656,Dire,No,33 мин,Хоссср,Techies,4,5,14,35394283
131,5334150656,Dire,No,33 мин,dezzzla,Shadow Fiend,5,6,17,195657222
131,5334150656,Dire,No,33 мин,Булка с маком,Pudge,6,14,11,48804856
132,5334047600,Radiant,Yes,33 мин,Жора Пасатижи,Sniper,11,2,11,132943958
132,5334047600,Radiant,Yes,33 мин,Vicont,Shadow Shaman,4,8,22,244273380
132,5334047600,Radiant,Yes,33 мин,leps,Underlord,5,5,18,235866371
132,5334047600,Radiant,Yes,33 мин,Andy WindyHead,Windranger,7,7,24,121607354
132,5334047600,Radiant,Yes,33 мин,Y O S E N,Queen of Pain,16,2,16,104608913
132,5334047600,Dire,No,33 мин,teo,Lion,2,12,12,110621494
132,5334047600,Dire,No,33 мин,StrongLeg,Troll Warlord,5,6,4,34226035
132,5334047600,Dire,No,33 мин,Булка с маком,Pugna,8,10,6,48804856
132,5334047600,Dire,No,33 мин,Хоссср,Bristleback,3,9,14,35394283
132,5334047600,Dire,No,33 мин,dezzzla,Snapfire,4,6,7,195657222
